SKU	price
UOW72ZLIVO	$7.09
N0FLMNHXHF	$0.22
I238063KJ0	$0.97
MU87JJIOUY	$0.79
E8LRZ9FOE4	$4.48
K4KAKH6NR9	$2.35
BHEX2EGMVP	$8.73
MGIN7UC3Q3	$3.57
VRSKTN2C2A	$1.25
KRJO9C4WSZ	$4.27
ABBFPR9J7E	$4.11
VW4GEX7VLK	$3.53
UBXLJFQBNB	$2.33
LUR274UFQS	$1.03
B3EFA7IPB0	$1.82
UYFDHYZTJE	$2.92
ECCVVKEXHS	$6.05
67MQYX6W7O	$9.62
I210DX7Q4X	$8.35
LQJ5G37SKU	$1.29
IBWRYO2VDF	$3.25
SD5HP3RP4H	$0.89
O1GY5GTHZW	$8.00
1VJ38YQV4T	$2.21
OB9FHSSUXP	$9.61
AI7Y3W21NZ	$1.24
XE6EI4Y3Y7	$9.87
266IFLPK1H	$3.40
VHLOUXJSTD	$0.64
I29KXA7KA9	$4.82
7SOC7JRCCP	$9.88
HLDS12HHAZ	$5.71
Q9VGLW5ZCP	$5.03
FFW73GPQIE	$6.08
58VHM0HWGL	$8.36
HJ1GJF2NS5	$3.01
YS8XFMQE1A	$8.78
VA1YHV20ZP	$9.96
LQKMJRA4G5	$3.66
HQM90P87J1	$3.15
S7RUNG93NV	$4.69
IYVOAAOMGN	$5.53
THIEFP8ZEH	$8.75
87GWB6I289	$6.70
B3HU9W5OX6	$8.61
IIWPHWPB71	$1.46
09FOPRJLJY	$1.90
NXVXLVRFLZ	$2.07
NYFG4ID0UD	$6.02
KM56G5D9E0	$7.22
1S9ZK1B4DX	$4.85
EXME845MKI	$9.02
3JO1PAT9FN	$2.27
QL3FBBPHEP	$0.88
UWKDUTHU96	$6.18
AW31VJZISP	$5.44
BAHOXMQRMT	$6.90
XJ43YF0TCR	$9.70
DI8M9OFRJ9	$8.09
ROB8FFRKGE	$6.48
WZ5HM26UEY	$5.57
XULNY6H4NP	$8.43
7BLF0SCVS2	$4.03
79X67VNCZX	$4.09
MQ88XHO0AG	$4.12
6S4E5159JK	$8.75
DK2MQH2IUD	$3.67
LD68I3M831	$5.92
XZQVX8R8KA	$3.90
20W141VLF7	$4.37
0LMITXRN6B	$7.01
A2MST6LZ8E	$2.91
N04SYGQZFF	$1.53
EUOWE3DJRO	$2.37
937Y60TWDJ	$7.83
A9F2G5O2BX	$7.73
2TCYUQA1OR	$0.66
J517PFX3RF	$9.33
PDWYCWPT4L	$9.30
8KVQV37ARG	$6.93
K052AGU5NE	$6.05
2QUZCSFHXZ	$5.25
UBV7LB1EIC	$8.40
ULNLG3VXQM	$7.46
7R6ULQE3ZL	$7.13
8W550WAQ1B	$9.46
06KPVQFYLD	$1.55
N1AC5PYYAT	$2.04
MJ622BJOW3	$2.44
POKH2W4QC8	$9.74
4K23RQH8CK	$5.02
U6B7UF1DSV	$0.15
P4J49R7TKG	$9.48
MUDVBRTC86	$6.61
YKHFSI04NY	$4.57
2RY8GL77F0	$4.19
URKXW7RV9Z	$8.41
M7QZWHJZ9Q	$1.47
Q0U0OOUHZL	$2.37
LA0GU66733	$9.42
SQCYOKZAEF	$1.49
2XCYKJZWFE	$3.65
SQNULRFYYJ	$7.69
N0VX77PUPK	$5.45
NRAE9J9J2L	$6.45
B8BE18NWZ1	$8.06
HOO617OGEG	$9.42
WVJOJFGT90	$1.45
RI2Y794IA0	$0.71
94IJKHL55Y	$2.25
TBHO0MY9LH	$4.22
1XJMM1JV36	$3.33
17RW9MNC21	$8.68
7ZH3O7WB26	$8.20
OKFAAP17Q7	$7.60
PNV65RQ3GK	$3.03
6HNM8FP7EY	$1.15
CR7I5GJWRS	$5.61
7THQ6PHWQP	$5.27
HQONEETAIE	$5.37
E6E1Z3AJWP	$4.73
F8VTZ5JFFU	$6.07
AWM3EXVG0Z	$2.09
5N7AXQ874V	$5.82
KLIH0SN5R1	$0.03
QUXAR1FM1V	$4.77
1ONYW3S278	$7.73
P4QGVGPUF5	$2.28
GVWGHEAEWE	$8.49
625NJNJ6IV	$2.80
A58K7MEV6M	$6.28
TDC729FIN6	$5.70
MU8FBI6UW7	$1.36
SPMAKL8MUC	$3.29
NYJ3453A4C	$7.70
GF2GMYY2OJ	$1.05
T73W2528VQ	$1.35
X063UK10Y5	$4.42
KNLUO80OEW	$6.88
V3G9WI3MUP	$3.69
WO8A1ZN2TV	$3.26
50IFAGFNVX	$1.44
JSLSS922CF	$3.77
NOON4TZOUT	$3.20
TCMOJ9D4UC	$1.69
8YC4ENAIDI	$5.14
JPLP21T60V	$9.50
JGJYRO1NMG	$9.22
OJ1KR7LW0E	$2.01
1B666HS5IA	$4.77
0L8VEEYOZJ	$7.76
HAS8AP0QMM	$4.65
VQPFQDVIQ1	$2.51
PCDPAQMSFT	$0.48
JBECJ253N8	$8.27
S41GGOODQD	$6.89
7WKWDN5C1H	$8.08
DFKNLAVOPV	$7.99
XL3GEL335D	$6.81
YN81YUZ5VB	$6.98
U7KEG1LKLH	$6.15
F1MAUJNFWM	$9.26
UF2QXJQT14	$3.61
EK0BTQPN2A	$4.13
8EECJZ2FMB	$3.63
7PDT9YHFZ9	$8.74
G7Y2CZYVW0	$9.57
L27JQXN1N1	$5.89
D1UCGGEBJD	$6.93
KHIHF8DRN4	$6.23
NQEVSXQ5WG	$0.02
TGR2X6VH35	$9.50
5VL0Q3GHQC	$2.42
P164K2DDXE	$9.56
QFC2O6ID6B	$7.05
M74O1C02XC	$6.05
FF4JQA5ZQM	$7.33
P13HKSOD0B	$3.22
5W61G7FCLT	$6.96
817MWN591H	$5.72
RYJC1O6B51	$0.09
5VW66M6XGS	$3.74
8YNFLK6I6U	$2.23
0HKT393TFA	$1.22
V96402WZD2	$0.66
5BYGBB06QR	$0.06
K9KY2JQAS1	$0.54
1H484F8Y2I	$9.07
FJZ61NVZZJ	$7.60
FT7EG2O2FN	$3.67
89GMWOPLIS	$3.34
WLG5I8KQ1P	$7.71
3OBKV7MDBN	$6.25
46U754BLPD	$8.81
2MSKX2KU7Z	$7.69
V3LLJGBOPH	$1.77
275ZBJFIZM	$8.07
YY6HGHXR9W	$6.56
8819K1RZ5X	$3.07
7BQGXH5PJQ	$6.73
W354M4IIDD	$1.09
4ELM5QKP7C	$7.54
T35WIVOKGZ	$5.78
H0LRCQEP4N	$6.36
XUS8K583QM	$2.56
982DC3MYMV	$3.83
6BHF16C747	$0.47
NEBK3644TM	$8.15
LXUBGQHDE7	$5.66
XF26E6CZT2	$4.54
SLKKMQL8EK	$8.00
G5COZ3VN2U	$3.28
P7DEK16ECZ	$2.28
K8OMGFW2VY	$8.53
9MEAPHJZU4	$0.25
IAUIIDEQWK	$8.69
CUT3QCTTTH	$6.59
QKWRF35F0R	$8.96
357E4ZBB3C	$9.94
Z1MPRFBH8J	$4.05
8ND8SLZNAR	$7.11
088E0NO23C	$4.56
2F9AJND3FV	$2.45
ENCV6DVZW5	$5.85
ZDZBNFDL6Y	$3.04
3KIZZFKXCB	$9.93
0QKL0W50YY	$9.93
QNFDCTEBP8	$0.55
DKXZQE3K5T	$3.02
92HNWQK3GA	$6.46
QLYWVN730R	$6.94
F87PA8Q6JO	$6.65
OD2K619OLG	$8.66
RMT2ZLILS6	$9.61
5ZM8S6BHA0	$1.13
NQN97UJNCK	$5.90
CI3L379SUQ	$3.12
4HI28XTUXI	$0.62
J5Q3T5BBDM	$3.05
DSBPJSB7HG	$1.23
VO0NNSBOKF	$9.40
1KP03N77FE	$1.88
7NUP5UZHC7	$4.17
0QQY16O22A	$8.27
LAC7THYHB2	$8.85
AYM1CMLY4N	$7.47
1P5WERNSKF	$0.32
XJQI0AUZ56	$9.98
AB3LDM5WD7	$8.52
R5YNH0QO61	$4.43
I73JN73TWK	$0.64
84BOQS9PJ3	$5.78
NUPY2FBRAS	$5.54
JDIDUIH547	$9.87
U8D8VK5N93	$0.42
D4VBYQRNVT	$9.09
NZ8YF4FUI2	$9.41
EBAYH68CZX	$5.90
YSN2X2DG5U	$8.01
86PRNLDSO1	$9.27
VO7BPCV6N7	$6.98
BQ2NIKHYST	$5.93
ZRK18KC1DE	$0.57
VJ2WBH59LF	$1.38
VDB3G0A5VY	$3.35
KCN6Z107ON	$5.75
9KI2UV1UXQ	$6.55
KLTB217C6D	$7.26
PT6Z9WN8IP	$6.62
S8PWN790M6	$1.72
AU9IHJJEVM	$4.18
46CWL5FUDT	$3.18
C1DSYI91KF	$8.17
0ENVL5Q8VC	$9.74
Z5D9HLKHQT	$4.51
B790V9UR0N	$7.40
5XH4YE5TUO	$8.66
OVC2ZDHQ17	$7.80
M2YNKY85EL	$9.50
53T8EFIWO4	$3.37
45MTQ57JC4	$7.16
EYGGSL81SY	$5.93
661SDMN6HW	$4.14
E3DWVBSU1C	$9.22
OPMEJACA72	$8.10
W90XQVN5IK	$9.13
OZNQ50BBOR	$7.85
Y0V2UM8ND8	$3.63
U72R8ESYT5	$7.39
BG7HAN1M90	$3.98
9R7M5SY9KM	$2.53
QGCT24VKY6	$1.41
7E270CXLHE	$5.15
HA4L70EXXH	$9.78
UOBNF05AYU	$3.87
WWPY7HOEUK	$9.21
CGRYXHRDHQ	$7.16
NUF9264BNF	$0.84
VJIB6U78R4	$1.66
3W6T4AQ2HR	$1.12
8XVHRVDU0H	$5.50
0FOMMOV2QN	$9.21
QU3QPLNHDJ	$6.38
NT2A1X1Q2D	$8.57
N4M216RS5X	$0.93
BR9S84IF76	$0.59
AXQV665YLQ	$3.05
DKPFNAVT4B	$8.51
OD9NIQV5GV	$0.43
1GV9Z1YA7W	$2.36
S43RN620DY	$2.42
ETK26ZNGZP	$3.01
LEYHTPG329	$3.15
MFN0XVIRQ9	$3.58
NMF0RKAC8S	$5.86
LKQHL4HYGV	$3.54
7CSE549KUZ	$5.24
IUPQDC9PR5	$0.31
JHL97J4C5U	$3.94
I78ZZX0DH9	$8.44
G9NYKIMZ32	$5.81
XURP0RLYT4	$7.71
NXU9TEA04M	$5.94
A2YGMNRPYU	$0.39
RWU98ZNBH7	$6.04
G1YXQZ4OXI	$9.98
SYM04PY3EK	$4.34
Y2YWD1L9ZN	$4.75
D8MYPF7YX2	$4.29
IGI82UMQ4R	$3.02
C0D1J09H0V	$9.14
S42GEJRMXQ	$6.14
C3OCULQ600	$8.91
UHWD7UNN0G	$7.77
A21R6J6VOH	$7.99
PXWQSQ7J4N	$7.95
TV85O6DTJJ	$1.26
54OZVOLYBW	$6.68
I4BYQNKVHC	$5.07
81HXIG20M9	$8.55
55ZZZ2CEYN	$4.15
QBN728IGY9	$7.01
JGP7LW2Y7I	$7.84
Q5UD7S3KM3	$5.77
CC8MYSIIM0	$8.36
1UHBXZMODZ	$7.27
YK413I80YN	$2.11
L2M8UKFCPE	$5.81
9L4EVQTPWY	$3.01
2SHZEKWI0G	$8.49
WYJY8SNL10	$9.81
94ZQCKQ7LA	$8.52
80HRTDVPJJ	$3.85
JIQFLR2LX3	$8.25
GYNE3UOK37	$1.08
IJH2X4CP1M	$7.60
8PF5RLPFEH	$7.09
1UZ6DNK83S	$3.49
6D3CRYXFGR	$3.16
8UNKA6YW51	$4.98
D6KHGA9Q57	$2.58
RNHMIZM141	$2.45
50V8I8TP4C	$1.20
PIQFEBTO1A	$5.30
VSDOX7PB7G	$3.67
NCEXP6UWAH	$1.11
Y17HDYX32W	$2.69
BBRI5LXV4X	$1.62
XRPQ8CGVL3	$4.62
B7SFTVHVQX	$3.67
Z0EOQA9E9O	$4.44
RACRB8HECR	$7.02
2ZVAOC1C9B	$0.81
S54GZH776A	$3.53
BZU4B52RSL	$1.58
M0C8YC70S5	$8.03
910KPXMSE3	$1.06
TZXOUQJ4T6	$4.85
8JNBSU52AW	$1.04
M406MPP7MW	$3.29
GGWZ78OAOM	$7.87
N0YLM8C3OX	$1.27
G3YFSAI7CD	$1.89
KW57GJQKAF	$2.94
1EUZB0F6A6	$1.43
EWOGPCHHXO	$2.72
VBMZVWABG5	$5.17
0NWTT5VJAR	$9.86
NB14A4QLQL	$5.56
IWCX2FD3JT	$4.59
01J9HSUKLX	$2.36
TLO5TRURGG	$3.24
C89QNJX85N	$5.61
QMU9TSZ7RR	$9.14
MB4O6FU73F	$7.57
7I28HTKEJH	$6.39
M54BW7U5W7	$6.69
W0JYPAOX0S	$1.02
9IX2VQSMR0	$0.91
08Z7Z4FKAO	$1.60
VDIZY4PPDN	$7.13
AD7HGQG7WY	$9.24
MZ7W64HDWL	$8.48
AJV9VMY42W	$5.25
7LOM242EGN	$1.41
NMCBEUUA5Z	$7.30
8ZG7AMGQ0A	$7.20
XPND2VCHUV	$4.29
8F8HVT8XJE	$9.41
QQV82ILRW5	$5.42
KGMR7RQASF	$3.69
I3743QA0DL	$7.02
5BETS3H0ZB	$8.32
7I7E03YM47	$3.46
SO5AL9NJJN	$6.82
T57DALXVWY	$6.55
DXF6AP128E	$8.79
V881X5IRKG	$2.31
MMCPCJBQA8	$3.93
OIM7D1EJJA	$3.36
VY1Y7JWYE1	$8.61
R6G3R857H2	$4.51
33JPMMR2RM	$7.60
GNWT9KDBLV	$9.31
LKP413WNN4	$1.56
XX19NSXG1D	$8.40
5TIQ0PX1M0	$4.75
SVDU6Y1HHK	$0.66
7Y19JWW6KQ	$4.44
7VST3W0A9C	$9.07
3K56H0KTRZ	$6.30
QF19978U9C	$4.03
YB301V94CH	$4.64
K04HG2PMHC	$9.57
37NCMTJEQ8	$1.67
Y1C0WE6CQU	$6.01
8FG0IEJIV5	$3.98
PX083O7Z26	$0.35
52PXQIL9N1	$9.56
USWDZ7DQCN	$2.78
4YEWSKNB7S	$3.55
ZS7G8TGMVU	$3.25
6SL6RS5MII	$5.78
4AFC7NFH61	$5.39
T09ULW929P	$9.31
DXPJEGO8RW	$7.05
LEKDB6ZLOW	$2.27
PIZW9KXJ0J	$2.75
13AJMFAJQV	$5.68
MNWD1V8MNQ	$6.99
AL6E6EG7PK	$8.75
KPFDJ1FJZE	$1.88
YP6CD3B54N	$3.11
KVQ4R52329	$7.68
SI7PWVMD4I	$5.43
M2NVTNNA43	$7.44
6I51SX3QMO	$7.96
5J12N2CFFP	$7.62
WCTGJPPIKQ	$1.56
0IQMAGQT6B	$9.42
1PTWQDY84A	$7.98
RVLELSSK2Z	$8.29
1QQIL0D7S3	$7.56
SAJPFZ6GWZ	$9.78
QZLPPVV4DQ	$8.82
M4FDEX58H1	$2.57
YP3BCUQB72	$2.09
ZWS89X0XF3	$7.67
FCRDMWQ1UN	$0.66
VL0GVG4523	$3.43
S279MGEO7O	$9.41
21ZYVBMT1Q	$8.97
FF876IN2VS	$9.80
NGI6PA22AC	$6.96
N3MWCBA15R	$1.58
RPBJLJ7ARY	$5.89
DV84B37IY3	$0.09
OD41THNQ2M	$0.32
TQX89ZGHOB	$5.70
JWPSAGSSQV	$1.82
KWBRWGWUV4	$0.12
4U6GR4W3WQ	$8.04
XKYHD0IYZJ	$1.04
U6I57CCYA0	$5.59
SNRK5B4OE0	$6.16
K74A7F9QZU	$3.08
IT4E2H3FZJ	$1.11
3I2UZLIJV0	$3.97
7JVHB3RZG2	$9.36
YEP7C2ZD4C	$0.19
27W9N5EABZ	$3.16
M8S4MXIHAH	$4.40
Z9Q9PED20P	$9.56
UP7NIZNZ0D	$2.52
T42426J7NL	$7.54
WTTGMEPOI8	$1.58
7F0BHJYOXU	$1.53
HIWVBBAPF3	$4.42
X0JDQ5JCKL	$0.03
MVJCGWPV4L	$0.93
TBKHSOWZHF	$2.34
OD0QY2DIRI	$1.73
1J8L6JP9A8	$3.97
TE97Q3B6AW	$6.76
LX1FGFCJ7B	$8.06
25UMHZ0GZV	$9.99
MYIOTINXHE	$3.78
SEBCME1CDH	$2.48
0MM9P8B3NU	$7.04
67BN0WO0WL	$0.21
QWBHTXRR1V	$4.50
RQIK0ZXB95	$6.27
WAJGRI5AAK	$0.38
FXQPX6Z2GL	$4.15
HGX41N3IWC	$0.35
EX8F34G0NP	$1.46
X65O1YKI40	$0.93
XQDX5QW3B3	$2.88
BUI33TI0VE	$2.86
WAPFPIONG9	$2.84
KOK5R0NKWY	$3.85
BZ7SDKO0I4	$0.02
VGK86A6200	$4.32
H431TICYWR	$0.01
XXWF7H44CN	$8.69
8832VBBLB2	$5.50
5N6FD4CWL7	$0.08
C6QP99358E	$5.11
MFDF6HGQRE	$8.16
DU9P1IOSI1	$0.24
5K1XXZ7GC9	$1.63
CHFR6Z9PE7	$2.53
0X0K3X1KR5	$6.52
UNIU4ZELXH	$3.34
PZQSMMBG09	$4.84
9ZKM4GOGL2	$7.85
MF4L1Y4YJ2	$7.22
S7CFO2I86Y	$2.62
LQGM3ZUXZ1	$9.06
LYWQ94LQ9D	$2.17
OVTC4SLH1Z	$7.80
UUMXG2QVHE	$9.89
TMOBZZVA8L	$5.19
NCRRYI5VKC	$0.95
ZB9UQUORNY	$8.95
NOCWWR26GM	$5.58
31FS90ZAVB	$4.55
KO8CUU7ONL	$6.32
QB5Y6DNHEG	$4.81
O9C06ZXCMX	$1.37
CHW9IV9MQA	$2.50
IGWNQOYC7E	$6.14
YKI412FHEW	$8.09
NSS95WKFYT	$5.27
TPLGHDVKGZ	$0.32
T9SP4OI9TQ	$6.66
FX27N8QLF9	$8.50
B0EOHHPKOY	$7.79
L6XCGSYZO9	$3.36
A2F3FKL0VQ	$7.94
OS03RC0IT4	$1.07
FF7S77BEUT	$5.57
UN6I0AVS68	$7.09
2EIRZKAV55	$8.10
64LDXMM8X4	$8.24
9IP80ZHFJ6	$0.22
5IAZPXB9S7	$7.59
FXLKWJSEVE	$3.35
9JKEUEGZRQ	$1.91
DJL8HOVIM8	$1.41
IZMXUA85HU	$1.07
VK4YTSDCKP	$6.32
OK6YPTFPZN	$7.57
M826NM1NLR	$1.56
I5WNNZA87X	$5.57
BSQV9XB8MO	$8.30
1EFDACYCNA	$6.48
JA1T71Q6BM	$1.48
KKZVP5N40Y	$6.03
KXF9EY5SBT	$6.49
CV58NJFCYS	$9.10
R70HZCNJED	$7.05
ZN0OELRBDH	$3.83
4Q6F5LDM2J	$4.39
TNMM3SO7RK	$3.36
JFDC0HHU79	$9.27
BR90HO78NV	$9.01
XWP9L88VJ1	$8.29
QYLDLVQNPK	$8.13
GZLQR0M74I	$1.84
Q64JKHZ47H	$6.55
HJZXVUZAJO	$4.72
JK38TE3WZA	$3.40
WVCD141VTZ	$8.51
6R8QM6VS6L	$3.40
WD3JBIO0KW	$4.65
ORVCGKYNLK	$0.38
1CLHYET41B	$9.57
84DFBS8MHU	$2.88
XBHQIFGB7O	$4.35
VWGHB1KVFG	$4.88
R6QZMDHI75	$9.31
SBCGX26ZOU	$7.48
A81VHHRV3T	$8.93
Q78OWJPDFK	$5.69
XC1SX2HY7I	$5.70
402E4XU8E1	$4.14
K4F8RK604M	$0.83
0VQ1PAASJQ	$6.19
BDMH81BT5Y	$4.72
ZXOPB35EJA	$7.30
AE9NT51LMF	$8.32
WVWFKQF2EB	$5.65
TDKGB11DIE	$9.54
D4BTG2O0L5	$2.61
CM6SLPFFHH	$5.38
ZUUX47VEFC	$7.08
W6TP9N9BID	$8.05
OOVPSATW2Y	$4.07
64QIBDAG7W	$0.65
R43P6W7UY5	$2.88
1WP770C12L	$6.20
CPC8JLB0IE	$5.01
ABL3SL5JCU	$0.39
1MKZRFFB8B	$2.70
0LJLINSUYG	$3.75
VKU1ZUENF3	$2.51
O8KDMAGD9X	$0.58
TVEGGBIDOP	$3.11
I6GH0HURZR	$4.95
XWIW31QOYC	$3.03
JQSX8UJUH5	$5.74
TV5C3Q1J89	$0.64
OHL5W9INXW	$9.67
71R031IEX0	$7.94
C7ZY5QMIHY	$4.34
7ECIQG1J1J	$4.05
KANDV9UFCH	$4.69
NQS01C4CGA	$1.23
ISBRM7WRX4	$1.95
LYM80R58QT	$5.70
Y9XRGIIZ5Z	$5.33
790YTGD73N	$7.33
HBL1J9B6X5	$8.47
5R4PMY2KAE	$1.02
9RI8UZQ5R2	$7.10
0AWDJSY4ZN	$7.63
BWO4DCFD3Q	$5.93
0ICA7NXKG2	$1.86
JZDCLP94C1	$0.42
71S9834LV3	$9.87
JXZX96FK2I	$0.76
3X7M54ZGPD	$4.42
6NY7T7AUKK	$4.86
PVV5PSJA5E	$1.93
EJ61B3JBRO	$8.45
593UV2U5AS	$4.19
YMRQNDWEZL	$9.38
DP6925KGC5	$1.53
4YINRAHL07	$8.82
D3R20XKB55	$9.53
O380LR0YNP	$0.97
WFXKY3ETRZ	$4.86
2QU9H8JU5Y	$6.45
0QP1LPBOCE	$7.17
BN448Z7YMV	$1.32
WKE775ZK41	$1.20
QITA34U7FO	$5.40
KYE04KVYAH	$9.82
YIB0C07SXD	$5.62
RZ4UBPJKAB	$7.16
B2L835E010	$6.72
KB4DQ8Q8HR	$6.34
BF65GOTGMR	$0.66
FGN69RPN41	$9.84
Y9WCAI67WS	$5.93
VH2ZHHNC55	$1.66
4N1HHS6M5R	$7.43
4JKKY1273Q	$9.78
L1QPQKXFIC	$5.35
OMAZWNPD3T	$2.06
KQYXCDRXCT	$8.12
4XPSJJJQ6G	$7.72
6W3CYX3A5V	$7.82
FV9DL533AG	$6.89
U4C8KK6NIX	$9.04
R7J7CFX7ZL	$8.22
B1LCYUGPSV	$8.56
L9YXDEHWBD	$8.87
PDGNHJVPHX	$0.88
XZDZOPFMUA	$5.17
6OSUZVDN9L	$7.62
MHJHJHAJ5E	$8.52
5M8BR9L69S	$2.62
29UWTZVQ7G	$0.29
BRFAMO2O4H	$3.10
XZGK4P2V11	$5.63
M78IELLT7I	$0.98
04U84KP7TO	$6.35
6VWNBUONFR	$3.83
DJESMOBKAE	$2.61
BY0ELZGDLD	$0.42
PCPR0K2XHB	$1.40
IO8BPAAFKJ	$7.81
QO2JY7U5TY	$1.03
DB7F3CUL59	$3.19
P0K72EJ2BZ	$4.53
W8MKXWZP2J	$2.83
SDAXP8MRVT	$8.99
P7FJ9OTI9M	$6.70
XNETVU9TGF	$8.63
HYN0WR55CU	$8.57
8HSWAB1SQT	$8.22
B061WM3LPS	$1.20
PJHT7KA4BI	$9.26
YHCP0FV92E	$7.48
J7V1XEZ07W	$9.63
N4YBCICVUM	$2.45
NFIP0O23OG	$1.80
ZIJ3XPFEQ2	$3.47
P4WBCSJLI8	$9.74
9ST0GIGWHJ	$6.98
SGB5174V62	$2.27
31GQYCMGNO	$2.78
I4J075L9WL	$6.57
2DPRJYVYG6	$1.64
U7EB57S8CW	$4.15
6WBF63VWOR	$5.77
HKQSLCAOCL	$5.57
GTVCD53N8F	$3.64
5VU087JB4H	$9.86
N37NMG6C1O	$7.73
VI6AIVM5X7	$6.69
487EOSI24A	$9.00
EOAULSSHPH	$5.55
7JG7HU1QF8	$1.44
M9HREE9BV3	$0.42
6R29YT4X8L	$4.27
93SNBVNSN4	$0.50
8J3ZJPQM9W	$2.93
OQBHTGX3MH	$2.98
0O3R9BPC0C	$2.12
7PG0YI46Q6	$1.34
5BLBSHD0T0	$4.43
P2NW16UDYG	$0.11
A5D3N71POB	$2.12
IA8WFVJYR6	$7.53
N43T27WTZD	$8.34
6I1T4Z8DIE	$3.19
ATMLVK2VDX	$4.04
EKK68O3WSD	$0.43
873JGN96IR	$2.01
BXGEPEXFXZ	$1.87
1CGR2QMPXB	$8.17
RIF5YOJQTO	$3.15
7MQFHPQO4Y	$9.25
ZB7M1U47K8	$8.25
4G0JQ0A49P	$9.31
5YKABW8HST	$9.38
VD791PKKBX	$9.71
Z3BSKSZUMO	$5.44
MU2NAGP57O	$1.13
YDGMBCTW80	$0.15
52SRVNXY5Y	$4.54
7P5T7PTWUB	$6.03
751VOLFEFC	$7.77
FI171YBGMC	$7.93
XQHHU8JR0O	$7.31
4XNO0VKWZA	$2.12
R7Z4R2I7J4	$8.89
XUT7GTH0OT	$0.48
AO0C03L0YA	$4.44
JL0K2171P9	$2.90
HELZF6FPMM	$9.08
7NOBMQZRVY	$2.81
96J78P8X8U	$5.06
5R31EF80OE	$7.22
TXXIQ0YM5K	$4.37
JLD4M5O6MN	$2.00
SY40ILGZ0T	$8.99
6ZGQ0Z4L1C	$2.31
J3MD0Y8UDH	$9.41
M575QZB60K	$2.88
WHBSLJ8LBW	$2.60
Y4IUEOUOLH	$1.21
JMG9ODNDN7	$2.73
OV7C3QC3I8	$1.90
7RWKEPP15D	$3.58
OE3ZBLB6MT	$9.94
2GC3I4X806	$2.47
NETJD6CT6D	$1.23
6BOD9A9O72	$3.42
IBVWWRTPLW	$0.26
XCTHMXXRE1	$1.18
EC13O334K7	$2.60
PF6JHYB8X8	$7.55
KEJBS7JSX6	$6.10
HAUYPSJR7I	$9.96
C9C6G7C466	$5.12
R0HG3G59AQ	$2.64
5ASTLIMLT8	$7.52
KXXNHSN51M	$5.67
X8V0FF61TP	$6.87
M0R2HUVPMX	$8.79
571E5MHSAP	$6.35
DP80SJXL8O	$1.08
G27B6OU1OK	$5.84
9BBT62S1HF	$8.64
ZHQ093HHVG	$6.94
M0D87D8IP9	$0.00
39T2YHK6GN	$6.09
KE6NOPBXP7	$4.69
T734HLZPU4	$1.37
YP94FCEEUO	$5.88
V9LB4E8ZYO	$8.00
I4XDYZREV1	$6.48
095QQL35NS	$8.99
HCFWR7Y9B6	$7.70
XUCZO1E813	$9.08
OPM7XT29WA	$8.16
CGAGNTDAVR	$6.64
XPAVTVZC87	$4.46
DMZPZ5VGBF	$2.12
Y36NXXZEGP	$1.33
0JAFF3QSG9	$9.27
ZJCNE0919L	$0.58
A5C3WC0NM5	$3.99
TIVJ4MUYBQ	$6.80
4N2EO23MI2	$5.17
YBEMVNWSYR	$5.18
2X6BLNHH56	$3.84
UMY9BLFLEW	$0.34
KX8CTK37DI	$1.04
68CCVFC1DJ	$1.73
WPAZB6TX5Q	$2.85
LWN2GOARCW	$8.65
F19T5JDF33	$5.12
0LFGIEPZ66	$8.36
VMNDO6CSFN	$0.09
VDXDIMIXT2	$2.14
R0DHVWPCE3	$7.45
BC7660JT7I	$2.39
7DDN01CSLF	$6.49
4MXKTZ0KOQ	$6.99
QNTGAS974G	$2.79
NVHHLHGN90	$9.44
FTACTTYXNC	$4.05
RE85IV3WEI	$1.17
6OZ8WQK86M	$7.59
J1RWSBLQ8R	$2.10
UUIOM4YBIS	$6.20
SJBSJ5STSB	$6.79
9NC85FN1JS	$4.76
B43WFGKIX4	$5.88
UK5TJ43O82	$5.14
FPMRSG02LO	$9.74
LS3KISL5Z0	$1.02
V04TRLVXBB	$8.86
RAMN0BABDP	$2.79
AWJODHNXGM	$4.49
N9QWUSRI5M	$0.06
XK0PW5D465	$5.21
XR5YUT8UXN	$3.59
FU0GOPCCCG	$5.92
FTZK1P7BBU	$0.22
MSNWQ1KUNT	$4.30
6V8QB2AB85	$8.71
DIANVLX1C1	$5.74
4YJ1TW6RMU	$8.60
5IHUVOCIFE	$7.53
EV8BJD81X3	$8.23
42YU6DYRP0	$4.85
S1JJNM4V98	$6.38
Q1FPAJKXQX	$8.29
0SWTUYL2G1	$7.59
S8NPDYXSWW	$8.48
18R98SUIHX	$8.06
OVL4JNF9EU	$2.62
H2A87OK1O2	$3.59
GK9I1D54QT	$6.42
NMAJG1L318	$4.59
5WXOU2SFGQ	$7.88
2MB5ZV85C1	$4.26
JYDFTYRGYL	$9.47
VY78VD36P1	$3.37
4J8UBH9GZ8	$0.07
UVFXKNEUUK	$6.37
U61WH3MXHT	$2.20
X1RFU5PY1M	$6.84
X4YJ21F3W9	$5.60
TH4XKK25IJ	$6.78
W41A5P4TJ6	$4.43
Q01YE445FD	$6.91
5Z4KRLGTP2	$0.37
3BGKL7O0NE	$4.49
XM1DMP9YJC	$6.09
N6UUJ4WSSG	$4.57
BF2UHS7QB7	$8.17
OD862Z48CL	$0.48
6BZ3AJGQYF	$8.09
VFMJO35DU1	$2.86
SED530N7T0	$2.05
1H31J4M6MQ	$9.57
M2NDT58PIO	$7.92
C0NO2BS8RG	$0.38
5WB8MMU2HO	$6.91
BIHL0OSZ6D	$6.85
DMJF4WJ7TU	$5.46
5MJFDU1MFK	$7.06
GK3VI4OJ7V	$5.82
WQVACCTA4U	$1.81
7AYJTDHJ9Q	$8.85
L9L7PCAB02	$1.95
TIP9O7KHZE	$7.03
T1G94N0YVR	$2.33
XIP7LE8ZYF	$1.44
UM9NHT2GG5	$9.70
UYZI94JOHY	$4.85
6W1OYX443A	$3.87
GZI2T8BK03	$5.52
JQQG51KTGB	$0.80
X0WK3KG082	$0.47
J9KM7106CV	$6.02
6AU30ZPA3F	$0.72
NQZ90F8KAF	$1.34
YBC86PIYTA	$1.82
0H7QKZZM0P	$7.94
LK3W48FH8D	$4.81
K9SGCLOWEA	$0.11
U1DMHQG28T	$2.70
K52C9VW608	$0.67
NJ00RNEWTS	$2.56
Q8P023SLRW	$8.65
4Q8H2NS9F9	$3.26
HE60263NNR	$7.34
N8RWZ4T503	$5.55
AX7RKGCJ6Z	$4.21
51I9KHIMCB	$8.31
PQ3UVPRXCI	$8.19
80NEPP0SOX	$5.56
Y98EFO9B64	$7.68
N9O9NH1427	$1.79
E41FD9L2YH	$1.71
MX0A2VDFTQ	$1.40
2UCK97WJGP	$5.87
W0S4OI2RZ8	$9.51
01OTYLIO6F	$0.22
19YHEGRU4C	$0.94
JMA7UGGA5F	$2.61
H688RO5DHG	$2.41
IODRLW1ZQF	$2.05
53D4TSA7MP	$4.08
0DPTOXRSTX	$2.37
8GJ6OXT8YN	$4.08
9I6Y7FI4QL	$6.17
I449W522GC	$7.82
L5NKGQXVGK	$8.99
FCGQFXM3IX	$1.41
Y78T4QX186	$1.74
VIOOTEQ6OU	$7.23
UY3L6MGRBY	$3.24
X5FUOXBP0A	$8.21
QQ7QGNL0XS	$5.22
7ER2IGUKWP	$7.63
0FFXQ24TQB	$0.05
057GRDW4OH	$9.67
US1ZQZA8S7	$4.74
HY15TZK551	$6.72
6B3QJL7M92	$9.73
VAZNWFIQKE	$4.13
W76VIT37T5	$0.74
DV3NXSTR26	$2.29
H5GE6PIYAB	$0.61
3P1FB7E0LP	$4.70
OZR9HZU75K	$0.55
L2KTF3DPDI	$1.23
OTDQOLWCOC	$7.24
XKP099BDGU	$4.85
6OX2T9MPAY	$8.27
1A5K0OM28S	$7.10
K2FGK3JCY8	$6.14
UGFWVS82WG	$9.30
UP1VDGJ9XE	$6.75
URSWF7C1P1	$3.04
04OK46HKN0	$7.42
CY6HX2J4IJ	$3.72
PCW7K8THF0	$2.88
KUMVREL55P	$5.63
MKJW372LTI	$3.85
98SS0NPBTO	$0.11
X8MDZPPTM7	$7.33
K07A6GTL25	$5.26
YT4Z4EVLXO	$6.51
OYVEUP2PT3	$6.98
IUP7VDH5VV	$0.12
IE1NTWTJNI	$7.81
1W9S57P7AW	$6.24
1E0BVZQPF2	$5.26
2KEGGCKVXM	$0.48
701WPW6WUT	$1.88
0M1G9V6CRY	$9.27
UHIX249CJN	$2.80
PNQBWEEPIR	$3.09
Q575HIS8E5	$3.46
W8H896IAQE	$0.66
TVXS73NEJ2	$3.43
2T57KYZJFQ	$4.88
D3N0LHL2QB	$0.70
Y4GD4PLP8O	$8.30
FLBDRJK48N	$0.39
N1F28HCBJT	$1.66
KI0G7ZY5BB	$9.80
YUCQA9TH1O	$3.99
DMWUUIU79Z	$2.93
FWSTD9VFU1	$3.35
CTNCDDJBW1	$7.44
PBITHVUHPB	$2.34
POU817FSQM	$4.25
B3JED9HUNM	$8.21
GNP5RK8GDJ	$0.69
G2EYK1GCQ1	$1.23
OZED46URUU	$6.88
DE0TM3HYM7	$9.72
DLWEZ1HH8R	$0.71
KU2XQX3WDS	$4.76
8VHSTH2T27	$1.11
F2U7JDPR0L	$2.25
KVPQ1QMHYP	$4.47
Z04EK2P0U8	$4.76
3BYG3G72T1	$7.77
I6L9JR78UO	$7.04
9X5C8DN2X8	$4.32
3FXY2X8BEF	$6.19
HV5M3E6HO8	$7.28
FOCJGCZCYG	$9.96
V6ABJDO6LZ	$7.84
MR5GIXB619	$5.42
G9BZG7VVW9	$8.51
Z8PELSFNK7	$1.39
6MNTGSGE6I	$6.60
NNRK95S796	$4.45
FAKRYKPVSL	$7.50
IF81VFD3D4	$6.18
52JK286R71	$7.93
MEKSM1GWJ7	$7.54
2AUGDZPGI1	$8.19
KLYDWRHDSF	$3.46
GSS7TZUIHF	$6.83
Q4BHKA6JE0	$6.26
MBJEW7W5O0	$4.03
K2GCBVK6WY	$2.34
30Q9CETH8J	$3.22
9KC1AS91XT	$7.38
7WKT12WJAC	$8.93
GE889PU52H	$6.91
O5US0IYJZ3	$5.68
7PZ22QYOHT	$6.36
H36JNGE3JE	$3.61
VZ8X6GBNLE	$3.47
4RFEO82K0V	$0.15
25A16UEP3S	$7.29
R9TMOREDZT	$7.13
LE8K7OI34I	$1.60
DXBQ45ZO0J	$5.95
GJIC6K0N66	$2.35
U67HWWMPJS	$6.69
2GYQF79EFT	$9.90
6CM2YC2LUT	$8.07
JM7EUW6VXE	$9.83
Z5LC5ZIPDC	$8.13
R1QLALQBXQ	$2.38
BI5RANBZJ5	$1.63
CSQ0FFHWFX	$1.16
HVBMBW74SP	$1.94
KG2VWADC21	$2.63
PTYZ4SLM9K	$1.40
62BQQKCVP3	$1.21
QTT9S9ETYL	$1.13
6BGLG1CBGT	$8.21
VB0SFNTKOH	$5.45
EQT12LPEJU	$7.97
JNP1BYXJ6P	$1.21
7E7H4P9G47	$6.78
DYLBB6WKI4	$2.67
J01TANYCRP	$7.02
CLFGRXVMEJ	$2.61
I1DLQF6RDD	$8.19
JR40XKE1DS	$9.10
4V5TGEGD8U	$4.15
I8RUFKQUKK	$7.81
08BAFMJXHW	$7.20
MOEKM6PQ8A	$9.48
J3S1KUHZVD	$3.24
7SB3XNFESM	$5.05
E5G87CESSD	$1.39
80XIB5GDDA	$4.71
LGRDI8447M	$3.77
ZUJDRE3F36	$1.71
8EOMFRZ64U	$7.28
LS0FAJNGY4	$5.40
WGLH334A8P	$3.49
Q68MVGD2JQ	$8.73
06O2RSJD0F	$7.81
8Y832S8P5E	$5.93
IV1M8HPGGN	$7.34
R0B0116WG1	$7.64
BVKFEZKHFK	$8.56
Q3HP0XO8B3	$1.47
WGA55WN4MH	$6.97
T348JO86P7	$2.77
5UVDG727UT	$3.61
QC7Y6VLRP5	$2.96
GSDKPCMZKW	$4.32
JLFZY4RPJ6	$7.13
KDUT1FPFFV	$3.27
T8R1Q8MT61	$8.65
N9JLVNNQ39	$5.38
HPAJ7EL1DM	$8.08
WAI9YMZAQJ	$0.94
K4HY9HBLGY	$3.32
OTJFNGU7EF	$5.69
9K50O7LR49	$8.87
20OJF1A3NC	$2.03
BS9V34DL1O	$5.05
9QW0V1JGVP	$1.90
ILE8NCBAAO	$2.86
4BNAMV34HQ	$0.15
H01OJ8FZFQ	$2.90
Z9EY1ID3RN	$2.46
9TJSZN2TQB	$4.09
E5TFSXASZX	$1.73
E6SW6OX9BR	$0.99
3T4JSNS518	$1.52
BAXVG43DU0	$5.72
UXI8G9C9HO	$9.95
QQKEKB00TX	$0.42
FAI0X1G71Q	$3.44
5HKVFY8FJU	$0.32
FZ333VZA1J	$8.53
6ZAYMBY2A6	$9.12
E29GPYPPZH	$2.01
9VDMPPW0Q9	$8.54
CQW6ZBXTHP	$2.66
FQLZ7A49T1	$9.25
8LB4FXQ39O	$7.58
P8G66WCFYA	$4.14
YWSPPEOMCM	$9.71
228OBXXZX1	$3.93
SCY9HR7LD4	$5.36
KQY58XA3J5	$1.12
ZS8K0U3QSH	$6.97
AUVIIHLVSI	$8.31
61F47FVFO9	$9.70
ETBNNHP62R	$0.98
0NBUH78CLJ	$2.67
BFTFCYC99D	$8.61
U9YASBF22Z	$2.19
V80GWIBZXN	$4.88
DXKEI801LB	$6.53
NX5PBN0P45	$9.01
Y07GGHIZ4Y	$7.89
QOZIIW26AK	$9.64
XOATT3RSPL	$6.14
TX6ZEJ23NP	$4.22
R985IBXNMU	$5.74
WXMT2FVCL3	$7.35
T8RHOGV4V9	$2.25
1416WAZDUG	$7.90
KCT3DYF1QQ	$7.35
LWSIT8D7KZ	$8.58
RF7LCUQCS3	$9.79
PX4R4SCR0U	$1.24
JGYEZYWER5	$0.21
4ENJLIZ6Y2	$0.16
J6ZX0FHFZJ	$6.78
OM8FMOT7H7	$2.10
QAKLNYIJ40	$3.52
P5V3ZOJTQU	$1.43
AO86JZ34Z1	$4.17
TLBPL9D70M	$9.72
X7ICAJPY69	$7.03
HZO4QFOWSS	$8.06
W8B5NMGR5O	$1.65
PYFZ2A17HT	$2.42
98D1KBDI3Q	$1.50
2K38X5H9JJ	$4.86
0WZ6IL0S1I	$3.44
EDK3SJLDT0	$5.11
EIGR3G2ZT3	$0.06
9XH63NF43K	$5.31
6UV087574A	$7.80
VTWYAI5F1A	$3.71
E5HJ24NBLL	$3.52
IQOU8RCROF	$1.15
5Z7IOG3SEA	$4.10
S0XJZLXY9F	$7.15
9DDKNWTNFR	$4.02
QXGMDV5LH8	$8.73
RHJ80B5Y8F	$4.19
0YN0LYLDRC	$8.46
BPOK0HR1VG	$2.35
0QZB2CWEIK	$4.56
X36AA3TOBK	$6.48
KY860EES4D	$8.82
83C0CIXH20	$1.70
YG0PD884WB	$5.48
SNY1IEGMT3	$9.71
LLBTRQVMGA	$7.18
6QAAOANCY9	$4.37
2DQGFMYO92	$7.93
60DFAOLATM	$8.69
0110CWMPNK	$8.76
F115NP7KIO	$3.22
1GWQW5Z4MZ	$8.32
UZIY0GZ674	$4.22
TV5163D51Z	$4.16
PT5HWK3GHR	$9.53
YOO98JGRRS	$2.66
Y051A7YPS7	$8.11
0FXHA82Q84	$3.34
PEDRLR0MYJ	$9.84
JQGMJMWOXM	$8.48
3KRBXP4735	$0.33
L0JYD33AGT	$8.08
S1NIRKKM1C	$4.42
IL56W550NS	$2.63
YQOPHEU642	$6.73
WDQ5LG0UFE	$5.25
SBP2X3O8VJ	$1.10
77OTCXZWOR	$5.93
UPN3IGICG7	$6.81
M3KL8ZAQWW	$5.94
S4JPN4ADFT	$4.48
G3MNIZDGRH	$0.72
3KRYVL3SAS	$4.35
X10R0AT5P1	$1.72
RNDCFQUUYU	$2.71
7D8HCZHTC3	$8.63
5L4584Q0LK	$1.93
NJUW351QT9	$1.27
ADWZLOT75Z	$9.73
TXDPRV28NV	$8.39
TXNKZBBM0N	$2.28
BQXABZV7O1	$3.50
ZSF8UJ51CY	$4.50
MB82AK915M	$8.63
Y33PJN0FNE	$5.88
W2QDX25CMZ	$4.70
UNDEP706CZ	$8.85
0FV6RNL84A	$3.82
LKBB7EKMQS	$2.05
FELLICMBDN	$1.06
EAGZVI06I3	$9.78
61YM13D2LJ	$8.38
QCOYPXZW84	$3.55
XJUDY7BR7M	$0.93
PJALMB5X4F	$7.61
4L4MJEARC0	$7.19
YCI8S4IF1Y	$8.57
HBSEM1B3HX	$8.18
G0YHTMU4CF	$6.97
DNTNTV15K5	$1.09
9GCAHSA3EL	$3.95
438TNQV7DR	$4.69
OR8X9KBU56	$2.63
A2KIB3XX21	$3.94
8CXFQKNPUO	$4.70
PZ9HYVUME6	$3.93
5WXAHA5E7P	$8.41
CMOUD745TR	$7.67
FYXQVF31MT	$6.92
UQ4ALBIYBN	$7.28
I58NSKZJ2N	$5.15
BTCBDRYUK5	$2.99
WKXV9JYOUS	$9.48
UY7A8E6755	$1.92
XDKAYRNB0B	$7.44
KCJV0187BQ	$1.38
B7VJT2UJAO	$7.19
HV6ZRNV15E	$8.41
8PVH5X9M65	$0.64
UIAEZW28XK	$2.16
F42GEZJOGE	$0.40
4SF43BJCPS	$9.28
LLBUSDID16	$6.57
GIYX3D61BF	$6.95
59QXMQEXQD	$3.37
MGE0SS9ZCA	$3.06
K7BCAEOJWJ	$0.51
XM75LZUE3E	$7.92
FH6JJ38Z8Y	$7.96
Y61OYGSQMX	$3.79
FKMGAJ0A3U	$9.94
1NZN4JJXER	$4.84
AGY4VNHCJC	$3.09
214MTK6J6O	$1.79
Y22X3JF9UH	$5.97
VX723A7EO3	$9.71
8DK8RVETB9	$9.01
2T0VYHBH6N	$4.17
R7QJ39FGJ9	$0.59
U5JGMD19IB	$3.47
U45EP9RXVH	$3.43
TIH60MUUBG	$0.44
4AYRRUNT2M	$2.63
ZY1DCA2ZEN	$8.82
Z7N68KMBAO	$9.75
O7Q5UN0C0H	$4.52
4Q6BEBFQ5B	$8.26
WTW8WYT3PQ	$6.79
SI7LIEZRMX	$4.77
50AHW1XILK	$0.82
64BMDHZG4S	$3.38
B8RKFYJ1Q2	$5.76
0GEESWQXBK	$1.06
5DV0BCIC26	$0.60
VU6UIR9MIH	$9.37
IINWNOKFOI	$1.43
1LT2MP7VWI	$5.64
WS87SVQSSV	$5.77
S0NPZV2TPH	$6.88
VPQKEZFZ45	$2.41
HDVOC7PSVE	$2.09
9ANYB9L3RU	$8.60
0C76G4RPIN	$5.45
HNPCK0P954	$8.18
M5384U8C1F	$2.03
ESFJPUDU57	$0.24
RAEFXQLWS7	$9.68
BSEXFM3KE9	$4.13
E8L8168EXS	$8.33
IHV01LZFPN	$9.77
F5F0CHO3AK	$3.01
O631IRFTUY	$4.75
WYMXWJLN0E	$9.67
67A28JGFT0	$5.05
ZNXQ8FNK2F	$4.11
YW635FLKZI	$4.98
4844MOBSJ4	$9.14
IE97B0DXJW	$3.17
FEBN83EDQP	$1.64
3XQC1IKJRY	$3.39
6U46V5D12W	$2.25
VY5MDQAZ8P	$4.61
93E14L1I22	$1.26
NF1YG220HK	$6.85
MT5BWS7MIX	$9.65
69WI0FEQJ2	$7.28
USMC1D57HL	$2.83
8S188XGT18	$1.48
7JZZCABT12	$5.36
1RQZ1XFPVE	$6.66
AXGCK23KXE	$0.90
RPQUPCLEHM	$4.45
WD85G443U1	$1.97
3TRZ3KF0A3	$3.52
UV9PTGUOGE	$2.56
IPAA2TINJX	$5.40
5JZEZQ2CYL	$8.83
U7HGLS8ZIQ	$5.71
MRDRFGGUQL	$4.64
EVU8USKUJS	$7.24
3BLMEK1OLI	$6.02
6IM39OHS3S	$5.34
P2KJYMM3J2	$0.67
1ISIHNM7FR	$7.07
8IRL1D61YG	$4.69
K4RQG724K5	$1.04
6I3TG46EZX	$8.31
64LGHRX9B7	$6.46
G4SA9HR2UX	$7.64
Q4AZWIQU3L	$2.18
MLOVU73CQH	$3.67
DYIIRHNG23	$9.45
LGRSL831X8	$8.91
EZ6V3K1ZT1	$9.86
P2UBZHD8BK	$8.90
1W0UCOQT0V	$3.97
U4MLFHFDL7	$2.50
X8TIIB457W	$2.39
M4RRW9SZX1	$0.44
LQ63Q7XZC6	$2.30
S0MAP3F5AR	$2.02
XI2RCBCZFE	$5.89
3VBU53TPV0	$7.79
6RQTAH3OI1	$1.35
P7JN7IK47A	$6.09
L8HSBEG5SP	$7.35
VYHA4F6QTA	$1.98
UPQLW9PJSV	$3.31
PBSXOFIZ2Q	$0.05
YBMQ8JZYJX	$7.21
2J809HWD7L	$1.43
01GJ3NG00S	$0.42
Q4TZSJO1SZ	$6.91
KMTIXO4PQQ	$1.16
XRAHXESZSW	$5.56
A54Z023J7U	$2.22
2HM6KF50AD	$8.67
03S7PRXDVF	$5.08
OJ74NCCJKO	$3.98
VBPK5HFVXF	$3.73
B3MYUWZAB0	$3.57
Y6C1PT3JSM	$9.97
I4AS3J4SR5	$3.37
GODAGBHZ4S	$6.85
CWCT3RHYLO	$2.29
HKA2EFKFM4	$0.62
E90NGQQ98W	$9.10
U96MFWX0XF	$3.24
DAFA4IDQN4	$8.01
PVUVSVWSNM	$6.53
KSIXP57AXH	$0.29
11MLKUNVBL	$6.40
RZ8NDTO1RF	$1.80
PISBAKWD3T	$3.59
VVS554MV2N	$0.01
4ANZER4GRY	$5.76
16FYEMORJN	$9.65
2EA70ZR415	$9.42
OG2HFC5F0Q	$0.03
BOSGFYUOSK	$8.70
2B2JYAVZ15	$2.14
SWO14H1TN8	$3.12
VYR4N13AJC	$0.97
7KSZLBRNW4	$4.97
5THPM2KLK7	$5.43
SJ5REUODF9	$4.09
F2O2QKCKYS	$5.97
WP1TR8NFJ0	$8.01
VHILBPOZ3N	$4.56
ZOO7BNX673	$5.36
ODNIUTAUR6	$0.31
KIEQVT6URO	$0.40
6J4UVTKWC6	$8.59
LRJFXS1E3E	$2.51
XHNN0ZNGOI	$5.79
ZQWZYC4QHC	$6.95
7JNOKGOZ7J	$5.97
RBSKE30S8C	$8.63
WH0L42RG2K	$1.39
GAIOGBR6VW	$3.62
2NUESNXY9E	$0.71
QXE48XKGIP	$5.33
83IPFCFKWI	$2.78
NWXKB9PMYT	$7.40
R85W7ANF0B	$0.95
G1XD1BXLXT	$1.17
ZHDVR2CG65	$4.91
QZ2JFV905A	$2.72
I967QKZS82	$1.94
R8MF20AQ1I	$4.98
SJF1JHD984	$0.36
ZHCHRTRIR4	$3.86
L3B970PYJH	$5.02
44M372FXUK	$5.61
HHNA061NV0	$9.62
VEBNNIXUGT	$9.09
11L74HC4NO	$1.79
KB6B5JXI48	$7.20
BTZ5KK3KGH	$5.85
2QN0BTF68E	$5.71
Y180JEQVZA	$9.82
8EYABNZ26D	$6.74
ERLXSIMXDM	$7.63
3KY6AXY0T4	$1.06
Z3EYC5UV0J	$6.99
AU2J2S45K6	$0.43
ZZZ03FL49I	$1.34
VDM6IMUOAQ	$5.00
13JCOA6XN6	$4.37
QPSZUDUQZ3	$9.73
N428ZBJFJC	$5.89
ZA6TJIBR8M	$2.44
JHRWVCYSQP	$6.35
CR2A86K1U2	$0.22
BGAKDW29J2	$0.52
Z0HGD91Z3G	$6.51
UAQ8CL5ECI	$4.33
34WYKT92QK	$4.39
WLTR95C2UB	$6.73
RL6Z6CIBXO	$9.88
IZC2ICDYDD	$3.29
F8RHV0OSVR	$3.02
S9TX3DSNQW	$6.11
9GF1L6F449	$2.57
6OSB3WMQIP	$4.53
0XM5EVG2BI	$6.12
IQQ3TAL8TZ	$2.57
CLU523FD83	$1.02
WOVLY86A1Q	$8.47
F4KUJNPY1R	$5.64
ZCU9444A84	$5.20
UGC3RVZOK2	$5.81
9YLVBAHV4S	$0.82
X850SG95H3	$1.72
P99LRSSFWB	$6.59
8D9N58722B	$5.88
ASA2W8G1GJ	$9.63
BFN11ATQLL	$2.53
FAB8KM0UZ5	$4.62
RZBGJU49PU	$8.93
WZRSXI8YCC	$4.12
0Z2JAM72JM	$6.24
U50H312O4B	$6.12
1V9Q2TLLDQ	$0.85
ZR8KYJU6MF	$0.80
9BRDWNFFQ4	$7.23
WSWE9RM5XA	$1.11
AS6SDDTQ4G	$9.66
PCTDXGSKKM	$0.52
E1AB8PW9DU	$9.87
3A3MQO9L1D	$7.35
J85EXB4SII	$5.70
WRCFNGITHF	$2.58
AZA1JSMIWO	$8.17
562C5IMEP4	$1.14
SE3VVOXWLV	$9.18
ER3O3X900L	$4.56
FXXSDQPQU8	$3.67
4FRF2TXT5G	$3.22
6T21PA0IET	$8.29
HBJLYESA92	$4.33
8IDBIEKZ3P	$1.07
E41PX76D4U	$9.59
XU2172BWA7	$2.05
0CGFIFJ4MM	$1.62
K74RNCM2K4	$4.48
IXKN3GJLV9	$0.61
D385Y1XR0Z	$3.27
E5234D6IQ7	$1.30
6GD3I2WBWU	$5.30
ME19S4ONL6	$3.74
74JJN4Z847	$1.85
II2HA68ZD5	$9.27
ZGLF3H3GIK	$7.88
JAFK5U312R	$6.33
KVM6YEFAY7	$9.61
HMZGVTWBAN	$7.20
LBO32U2JTL	$3.68
VR5EJF2QRF	$1.91
FR47MFLOY2	$1.00
9KQAEM3JFG	$7.92
2D5RWTJV5T	$7.15
KF3O8B7ZXS	$8.58
BGE0YU0QL9	$0.63
N5DKYGSMPD	$4.34
UYQ2DBX301	$2.23
8RLCLKNJ83	$6.98
B1KKQ85LE3	$8.08
SQ7EM4SV0Q	$9.20
TRTRYVF1R9	$4.87
HBH7P6DP83	$8.31
5R0ENMLB0V	$9.11
HI783PDBXZ	$3.99
F51GHX0E0U	$7.17
4R966A8PYJ	$7.45
WK9I1GWHAJ	$1.06
84V6XKO3FQ	$3.58
J53LQCRZP8	$4.95
10TGB4DLDS	$0.14
IAL7HF008X	$9.93
UTFEIBJBFP	$0.40
K8DXLC2IWQ	$8.28
JGXPMXMHKH	$6.01
ZOR6X4A825	$6.57
DM2DLO3ZTJ	$6.51
GM7RMJ4A7U	$1.35
70UG2LCOKY	$3.55
O0M515EG8X	$3.93
I0YUERLU7R	$3.95
7ZIMKVWFIR	$2.11
L25OGJBHBK	$7.69
SMQALD3EEB	$5.81
R1Q1SWE0D1	$4.33
LMKRTNR6RI	$8.37
GPG1ZJHBV8	$6.16
I9RNXCT2SR	$6.54
HCCCTRU3O3	$2.93
6LIKCJ43ZQ	$0.68
1CU7W5SLT3	$1.79
B7SHOOZQST	$4.76
S9OW6ZJMDY	$7.19
UZTEK0GA9F	$5.09
OS3U3F5A9L	$1.67
BHPGPDED0U	$7.98
YDXZ90F4KO	$0.99
9IVAEOSC9N	$3.78
Y7JRTANGQU	$6.47
Y60V2ENK9Z	$0.72
8JHXS35SOD	$8.34
OKZZXCWVFD	$3.05
B5NOYCTV5X	$5.03
B6I8Q83LDD	$8.72
52EIIOK4ZR	$8.07
FGQX1F3CF0	$1.90
7VI9X8NCVE	$1.47
B5VHOHXN5S	$9.80
NFC3FY896B	$9.36
UD9YUJL35B	$4.03
9BISN7KZT6	$1.71
FMCTEEQX51	$9.94
8QASHWAOPB	$9.37
8OO1AUL8PV	$1.59
RIR2Q0NIVK	$6.85
1H11AWJWZA	$3.10
PBG6ONNL71	$3.04
8J5PKGV0FO	$0.80
6TCXCJQF3G	$0.46
GFGOJXJ0YT	$4.56
L6RZH2IU46	$6.81
J7TCPP9R7R	$7.99
H91OOBBTEW	$1.94
54ZWI1NEI6	$3.87
W7L0XQORGJ	$2.64
OKCJESJX56	$6.54
06WKBRB93G	$1.03
3O560T62I1	$7.40
8NAELCSPEB	$5.10
4PMK3D7XY3	$5.49
LOQX6X6IPK	$4.74
9MB4F7C8DW	$1.80
9LRNHXQ8BX	$3.82
SFMEOH2WHV	$2.55
IROZ3JC6PU	$3.91
SCJRHQNKTA	$6.01
91Q440LQ9N	$4.10
CYLCC6PZVC	$1.09
Y80AK26MLJ	$6.50
PZI5N80NAT	$1.44
ZZEC24TYIC	$0.65
ODNGG27N21	$6.21
844GYHX80O	$9.78
9FXTREK8CF	$3.47
05POWDSR47	$4.80
XEMP2PIKYX	$7.56
HZ3TWKVZSO	$1.44
DE8NGAM75V	$6.36
XFIGXGLLFE	$0.88
HNC4I8W8WE	$3.42
PO2VQ3YYRD	$7.16
2DOELG39IY	$8.11
G13JUU6ETK	$0.37
QA10JI49S1	$9.57
7LCA5XCYJ1	$5.26
OV0TCRFQFP	$4.37
IGD8PXG4RZ	$1.25
V5Y3TMDW06	$8.08
S3Z54XZDUC	$1.41
V0TBSWU5QL	$3.14
9NJGUJKXH1	$5.31
XX7BPVYQZY	$3.58
ZBELG4IMB5	$1.18
6DCVXGOO34	$9.23
342MJAEOIL	$4.54
FJC4M1KWXS	$6.46
VJ9OSF70Q8	$7.00
C4R3EG48EX	$7.99
9JLUXAZ8NR	$5.07
Q9HV5WDE37	$0.82
SC58E4YJPK	$8.10
CJVN60YF0C	$4.13
HLJMUYPJJO	$2.52
R2LXW3OOIJ	$9.09
DG52XOPGTE	$1.57
RJVC5IG9Y3	$0.53
CU5E060YEY	$1.00
XX114TF3PJ	$5.00
E0OB0D42K2	$9.78
UFMKRTNTJ5	$3.63
X3FPM4OPAD	$1.58
412CDA7ANK	$2.90
V1KQAMVAC6	$1.91
CQSZT4HBFA	$6.77
OWPDWWCD7V	$9.89
XHUK01WI26	$0.80
MA9OTXZS1T	$7.00
4VHIW1D91F	$2.47
K5Q5CP5OVW	$9.12
7IR1L7UMP5	$5.03
40TNF4U1OK	$4.15
9YMQ9LR7FM	$4.96
TQF38HRCZX	$4.07
AZ6Q2WD7X1	$1.99
LRPGMEOSFB	$9.77
Y1SJNA2BGR	$1.27
QGEY274QW3	$8.80
ITUGECYFLJ	$3.27
NFW9EQ2923	$9.56
USN3Q7LHEL	$2.14
TVXWR38M9Y	$6.96
TN4J8I6OHG	$4.91
MH8LW9113N	$8.57
RW2JUT5U33	$6.01
8QXRK9TS83	$5.72
WQDWK97BXL	$3.06
2P77V306WZ	$6.00
8MFKKPE04G	$6.05
J9STKGXUZX	$0.95
TZN6UGJ2S5	$2.41
40FLQ9CW3Q	$8.70
3SR76OGY11	$0.56
FJI5968OX0	$6.65
MQG88TVE5I	$4.69
ATWEGBYQO3	$3.39
8XFTN1MFIA	$8.38
95DA64Y5QC	$8.34
KLEQ3G9VLO	$4.94
V5IERKUBDR	$2.80
4EWXGI03XE	$7.61
AXT63LREC1	$7.50
JM9WY9ANT1	$0.31
W5RG8YVZQ1	$4.89
VERD67RVJM	$2.35
15DXNO5OQR	$3.24
0KV7RZLAX5	$9.82
4VGN0YPBTI	$3.75
ZNDVRGT71H	$4.86
19P4XHMYP3	$9.10
XHSMMFE3KI	$7.90
KD18386KCL	$9.85
NHRUTZ5J33	$1.55
A8QO6YKMUF	$7.83
SK3AN66QMX	$6.21
J1R64O1Q86	$3.84
T67J8QF39L	$4.64
WI9H9MF0TT	$7.52
GGVVRMG24C	$7.68
GOLFQ03ONI	$2.44
0H2TJ8YF7Z	$5.80
NR2LNAZ3TW	$2.68
4IJ7BPF6XW	$4.62
4JS37U0RO2	$9.33
O2R3D0ZZF2	$6.95
I2IEP0443N	$2.84
XHDH5MOHO0	$2.39
X2TWVQ0F1R	$1.69
JHY2PUQ8Y9	$6.59
LJBCWZ2KBS	$3.77
FSB3GW4P9N	$7.34
OEGDYA4Q18	$4.05
MYTPBBC1OD	$1.16
R522TXQEFA	$3.42
MWZ3Q0LCDG	$7.41
DO3KJQ5LW2	$6.63
IRU5EPD3VO	$1.82
O3KJC7SG49	$6.14
YJ7238B0QP	$0.91
BHGUHTVUSD	$0.91
ELMIX8JW3Y	$5.80
91STEOVI2D	$8.59
X8E1FQCMD9	$7.61
PR2MTFZSX9	$5.62
ZEBBZENMW9	$5.54
MYSG2NW3XX	$4.18
E0HJYZ6BO0	$8.10
A5EV3YLYV0	$8.90
JBQ7WZSZOZ	$0.23
7IGQ580TPC	$5.05
KBEHH322LA	$0.94
XJ5MO9VDSM	$0.49
1PTCKOWRII	$7.08
IK0I7QK6NT	$7.30
HOFKAXZ8IA	$1.47
0Q0W7C5G4J	$6.87
TJ2M05778Q	$7.58
J297AUXJ6A	$6.89
9K5V2GU08E	$3.35
RJB0Y7NHDQ	$5.95
OTT1E5Q47B	$0.64
COAXXUIJFX	$2.07
12RQLJSTT2	$7.96
2QDSCZ4D7N	$2.96
LCFAE2UTQA	$0.14
M1TZQS41Z6	$8.62
TXOAQ9M9QL	$8.28
BHOSSCCZHE	$4.61
THL0UYKH0U	$1.34
UA4VO7S90X	$0.60
EZIJDEV2FE	$5.88
FG8QD12PQA	$4.13
1SY2V7WZ6A	$4.89
NX3DKRRJQ1	$5.18
WW4QGPCWKA	$1.21
J4LNACCXDH	$8.36
RY4HKXYJGQ	$4.63
9348K0VKB2	$1.76
P5YE3APC9L	$6.04
SVXJZZSWVH	$5.22
WQEZ0W05BJ	$1.37
ZI1SCZZY9B	$2.17
CWARQ3W3X9	$9.17
74OE5PQLV5	$9.34
1QSRO4LPIO	$8.96
FR8AH4WFE8	$4.49
6LSIMC5MUW	$3.76
EADCB60TQE	$8.58
X2VEWUBQ2A	$1.28
PBUR3UQIWB	$8.15
GLKL0LXQ83	$8.67
N1WEDOEFR3	$4.67
7W4013NSCR	$6.51
22TSKDHCZX	$5.13
SR8IEFKXI2	$9.41
BHZX89VRB4	$8.79
7SF58XJRW2	$1.12
FA52TJUXQW	$4.53
IMYY403722	$8.65
3L4JLIUQ29	$7.36
1TYCMBCOLM	$8.64
2EITRFKMQ5	$0.06
FBTBDCCD3W	$4.60
YCZAHCFEN5	$9.62
8EIG35Q2L3	$3.60
M3UUS5MT9T	$0.50
XR0BSY46KI	$0.31
0GXFWTVGWX	$2.08
OYSTIU8ARL	$1.71
ZS0T7WLU0P	$7.94
K36UAGHFWE	$6.45
0ROPFU5MSR	$8.91
WV0MPVKQXC	$9.00
Z2P8MS6GKY	$7.39
A8UTVH12E1	$3.30
RVKQFPCXHH	$3.86
W15VTY18K9	$7.05
XYZJC6CQLK	$3.74
HS7G8K0SF5	$9.14
MZRP902ACM	$9.44
YSCVLFKC9Y	$2.87
Y0J9XP6TJF	$2.93
S6N1QKHAXQ	$7.78
YGXDQQZB5I	$3.76
4WACYVXH8T	$1.30
TEN6B35UH9	$7.73
8IQHYHPGG0	$7.75
RB83KKEY9B	$3.94
0WY4LMEN75	$6.13
DA3346UNY4	$5.25
ZI7YUY0AL4	$5.53
1K4MGC11MN	$5.23
CZMNRJUEL7	$3.02
P7P2CWDNYY	$7.00
KWUN85YVJW	$4.06
UB7Q969N5T	$4.84
1ZL8A5JMFH	$6.21
SWQ0BT0BZD	$8.78
K5OUAK27RW	$2.27
GJXLBKUC68	$0.65
0HZETXWM63	$7.83
5PU1KQKHCG	$2.55
TQF555JK3X	$1.06
R5PTBTVQCS	$7.51
T5PV5V8FIA	$0.56
NJKZW3D2N2	$9.62
16UY1MCXGS	$1.90
H7BABCSY9B	$2.51
VNWJJW1LU2	$0.61
VQFELQ8JH3	$7.56
8EQODZERKE	$8.63
A6ATMDHSHO	$6.70
75IHWOUWUX	$7.83
KMRITC3H13	$8.16
SV5DVP4D74	$4.31
L8RQHVA8PW	$9.03
CAM6RCJTU1	$1.24
PZCCVIB3BL	$8.29
O0Z70PECP7	$3.70
89MT06OJCW	$6.82
5J7QVXWB90	$7.58
4BDGQOVJ9O	$4.35
O1IB13OJN0	$8.38
IR2ASSSQ8R	$5.78
AYNI79QO0A	$9.26
7H8NS6PQ37	$1.90
1G66HTBCTL	$2.49
QD5LEEF79Q	$3.78
TRN84D3ZK3	$6.98
7W4GOVZJBQ	$4.86
0GZMF6EYDN	$4.14
M43TTHAGLP	$2.48
M5AF1UJYW8	$5.07
4ZE3BSAPHZ	$3.96
NJ0QQ0JW8N	$5.94
BGZCSXPFIK	$8.17
T9T5HYV5UJ	$8.81
G4TASX42TR	$6.87
N7Q5R5JGQP	$7.59
QL74ZGX15H	$3.52
PIDPZHE3VV	$9.41
CV1QMJBJFT	$2.06
MHXOF97C0Q	$5.93
6PRURV5871	$9.44
Q265JVB88H	$0.32
PHESPOC1CF	$8.05
2E4R8NIF5Z	$3.16
6S3OKNKIZP	$8.01
6GIBTWZTBD	$4.91
7NWVMPGF7J	$2.40
86KHZLYCXW	$8.11
E50O09WLJT	$2.84
OW2LQSKBE9	$2.53
HCU6XGWW2C	$9.98
D488LQ7W0Y	$5.48
2QK6FMJCTR	$7.29
9KRCBOB9FS	$0.47
ERTSXYOFF5	$5.44
C0JYY05O60	$4.70
Z3GX4ZMCE4	$9.59
YLGWYP0ZEH	$8.02
M6AQB4CAYB	$7.92
55KAV29PJI	$2.85
MR4LQFUOV8	$0.14
HPE7BNRGTC	$9.59
OSXAQ1L48J	$9.18
DQ87CRNLZS	$9.12
3368SCPVHI	$6.46
L4LD18JEFA	$9.03
DZVAI6H762	$4.11
0W2JC8LAVC	$8.34
F157MSM2KS	$6.30
2DZS8YRPQ4	$6.57
EQ7B5T864Y	$5.90
BZ5GXV5V1P	$6.71
OUO1O4MTH2	$5.09
ARR4CYCSNN	$8.90
4VEYWLPL7C	$1.83
XBI530WQ0I	$5.41
1GVMHBC2HH	$5.14
24T509TUTI	$9.16
85GUU88UX3	$3.88
6KFNU9S441	$5.28
KA5IHWLGXO	$3.01
YSJ32S7TNN	$6.20
OXE30QPQFY	$5.44
C2G9KMA0TR	$6.82
W9C9JRTQJ5	$4.13
TU52UOV4RZ	$5.24
4Y8QZ9R2IN	$6.71
A870KV01EK	$2.94
8LRI1D3IIK	$2.00
GVMVEUJ2GA	$5.59
XDPYL5N6LD	$5.42
J7YPVT78TW	$2.45
BJ3MUGL18V	$0.62
NFCF6OLEQS	$3.19
7G5GFLBOGS	$7.73
8F3YS78R2D	$4.97
FER9VZL2FD	$2.14
CLEQ6EJXEW	$8.00
YORPKO9AXK	$8.28
PE764GLE20	$9.18
4FCAIJJ66A	$9.99
MYAX4VYN5D	$0.25
TYJNG79FZX	$5.75
6JQS35T375	$8.61
VW3QZ7QJUZ	$2.62
XC4ZO1PQTW	$1.44
3VM8YH2SKY	$9.60
9G1E7WVY4C	$1.93
D9HQZHKW92	$1.63
DZ25LSXLOF	$0.03
5BSN0MQ2PA	$3.53
JRZ7U5SNW1	$9.24
48RNED6ZF2	$9.01
XQSIMEQ80R	$4.70
3SM6NUIWYH	$2.06
J4PSUH9A1Z	$0.78
BAAMJLQTPH	$6.63
W2A4GP2O4C	$1.97
FDAC5WI33G	$6.23
IJV19J5L9S	$0.54
VQ0D03KRL3	$5.45
6ZSOV01KEY	$1.46
7SK4JTTNNL	$6.90
OYMNA57RH8	$2.20
XXT808T8SW	$3.83
T0D9372GO3	$6.39
3CSX8NMS37	$7.63
0I3VG678HY	$8.43
VH4P9ICS65	$2.27
7IPKCA5QLQ	$3.15
LMBQRONXNX	$6.61
KVOEAA6F6V	$1.34
TDSZPPBTVF	$8.39
MC2KGLPPUN	$3.65
J45NI36XNI	$5.48
9FZ8XEFEO8	$9.95
E8DC9JDTC7	$2.97
R6WTNKJWNG	$8.65
XJWVEN9MZK	$8.55
JJ61H2ZG16	$5.04
2ZCRSJTLOS	$1.78
JGFPXCDERY	$3.55
UBL6CV76BF	$9.21
VKXR6P3VJO	$3.34
T4BVAQJDQF	$3.88
C4JWEKHV2G	$7.33
L6D8ESAU1D	$6.40
2QAN8PV9OF	$3.23
A5LIU8GL46	$0.64
SMCVMFOZNG	$4.19
RSP7XXGSRP	$4.47
UCV89FYNBO	$2.62
IHWZUA6NBH	$0.70
REC1I6IP7D	$1.18
340KEM2GLD	$5.00
MPQHUDON42	$9.79
UBXYZ87AAL	$6.51
L57MHZOOWZ	$8.55
DF9JHY4I38	$1.51
DFM3WXZ7BL	$2.30
NV9WPR62HF	$5.19
D3G7DR67O1	$3.73
0FXNFLAQFV	$9.38
39R2XVW92N	$8.59
4HTFA2OG0F	$8.68
QO7EZ93J95	$9.68
IDXNP9VDZ9	$7.63
6O9BCCILPM	$7.89
HB74O1CETP	$7.69
YI808T9ZHI	$6.27
9SOK7HNSM9	$8.32
XSZO1X8DFY	$5.98
H4I7YRCLY9	$6.68
PW60BPIL17	$9.47
KMEJKDFIS8	$3.63
V8DMGSH4RV	$4.95
HTLIMLR3CY	$4.38
WPZK9VJMG6	$6.92
BWDYL73AIP	$8.60
27PK73XH7D	$7.38
RNMAG8VRTN	$6.74
8ASMFA1PID	$2.97
FDUD8YKPYZ	$3.00
BKJ5QG7T9H	$8.58
X6IWG3QZ86	$6.93
KFH5QKX3GX	$0.65
GGETPC8P9Q	$0.54
Y5P28E3HYG	$7.09
MV5L9AGZPS	$5.32
SVUQ6SID7D	$1.44
F03PXS0MAE	$7.09
2J2E25D3TG	$1.92
L3VX6NGILV	$5.08
J2SL3EYM66	$1.86
UDLVXBSQHK	$8.51
LMPK687542	$0.72
2NFMHG9DZH	$2.33
IFMVR669CH	$0.13
T8L6XJ1087	$4.54
ZXGNNJQVWY	$8.38
2CM1J1HNEE	$5.66
8LHF7LRP8F	$6.45
FWOAUDQYJA	$5.82
DGI8CMNUWK	$4.49
OCK7SF8WXI	$9.44
I3WR83GIYS	$3.06
FLM73O8CCE	$0.63
VF9OJ0C2IB	$7.46
4XX308WUU0	$8.14
YUZPKZTO3V	$4.31
CZNALK8FZ4	$2.00
KTCGQL5GCX	$3.67
0L79KXVQ1A	$8.49
T6MXQA4ZON	$2.06
8A2DPBRDEW	$0.06
8KCHV5G0V5	$3.26
4J09CHWVUT	$5.19
5539GZNXOQ	$0.96
FEYFDS3WSS	$1.49
CL0GGW2TST	$9.96
33ES7ZE6YV	$9.44
E68S0FAXX1	$6.40
I96A83D3AN	$0.02
S0VSK40IN6	$0.13
TDIWRURAUO	$9.20
YI0QGUUYVE	$3.74
2NX058CXTN	$7.93
MWXMCH47M0	$2.27
MC27ZV3M82	$2.72
UX8BZ0HQAT	$7.90
YHA5T06CJA	$4.16
IUAC8ZG6R6	$0.14
0OVGCQ38LB	$2.91
IKNXF9URED	$2.54
DBRS1RVC1N	$6.46
V2WS3HFX7N	$5.58
81D1QLHZLV	$5.29
G5HM2D7PG3	$9.15
A7ZNEV32AO	$1.20
RJO4UXCC2F	$7.67
8HNBI2U1KG	$7.14
2Q72VH5KX0	$6.09
CCMKWAN2BZ	$2.71
H3WQLGD0TF	$4.17
0E1M4CZFIR	$5.40
KB8PB7LDRG	$0.32
2B56ZKG9L2	$6.96
G276CRCHJ2	$4.64
PS31B2WRGD	$1.07
N698AFO93S	$6.83
BE7K06VFPN	$9.88
WFG8D33GZJ	$9.57
J971CO9Z04	$5.26
8BFA8CRMMZ	$6.85
6TKYLVT59T	$0.34
SUAC1LAW41	$6.89
ZFAQ437DBS	$1.63
V71XT41O7U	$8.59
4OJR0BADMD	$4.26
VSA2JFXATE	$0.40
VA3FXBUJTJ	$5.39
PI3ZU963JG	$2.27
3K3UHWKKLJ	$1.07
6T6UTBNO7L	$8.12
D4JE4YAOM2	$0.06
J9MAFM86E3	$6.52
3T4STEEWMX	$9.49
BC4YG62SBZ	$9.77
U1MB8SD3GT	$4.47
62AAHS18UB	$9.51
H2RNZINE8L	$3.79
PEAYHV5E0G	$1.97
WQTMI3CVSA	$3.99
S4UVISDSU4	$4.41
KNQEN1C5QG	$3.69
DK9U3QJWRE	$6.94
SGX6OG6UN6	$7.81
CW2Q76I68Z	$1.37
2R0FJCFZFP	$6.89
ND5Y2TVGTI	$7.05
I2KZKWH1QF	$8.62
VDK2KSM3QR	$2.62
1TGNZIKB36	$5.59
XO0INXL1DP	$3.78
EQILGIWL08	$4.65
3C4TIZ5QEJ	$6.81
L94FBO3EAA	$6.51
J6KEZT1J9F	$3.71
TR66PX5HZP	$3.46
VRZMQTV6ME	$4.73
XZB0GOLT45	$0.96
3FHPXKBUB8	$8.84
RR2HRRPUV9	$4.40
QSXGMPXNCF	$0.20
KLCHMKTLI2	$9.07
VCTEATRCWH	$1.45
B4IYX3QFVF	$5.81
8NU70XUBSG	$8.89
T3H4KLA2R0	$4.31
EYMRU8NTCQ	$6.18
6E7ASJ7BXN	$1.83
82TLYJ2SCP	$6.06
D50XNBW5BA	$6.13
EGKWQI3XT0	$2.07
IL83XRKIIA	$3.85
KID3TGKSLZ	$4.54
HUV72S92GD	$6.63
1IJZMTTL7T	$1.89
GUWDJKJ91L	$3.90
DAOZT8PG4Z	$5.00
D3ZE8FYWBY	$6.60
TVPIFYW885	$4.85
MAY1EJQEQG	$5.63
7BBY50Q8LI	$7.12
TO01JYUXW0	$4.53
CAOO6UAEAX	$2.10
NBG8CWV7SJ	$8.63
H34VPKGIM6	$8.09
H0D91X5TDT	$1.18
SRTKZ65N1M	$1.93
MCMFMIWA2K	$9.58
RE28ME2LJ2	$8.11
RK3VDI8SFF	$7.77
7LSFM5K0AC	$0.01
NIVPCSW76Y	$9.10
5RSNDOKV4A	$8.72
656WZW0LBT	$8.95
EUPLAVKLOV	$2.33
8HUDA427JY	$8.06
K271HQU74Y	$7.21
9FBCP1V0BP	$0.43
K5RT61OLAP	$2.79
0FXFEOUKPH	$9.06
SVLZZP89A3	$1.26
FJCS5FY2XN	$3.77
IJAAN4BUL2	$0.95
EZQD6B449C	$3.87
486VGIS8H9	$3.21
8702W5ORGI	$2.20
CT0CJWWD98	$7.69
119L6DE56A	$9.03
JB8ZK8QB3W	$4.51
XNO34V4L3P	$0.94
E1MWGHCRII	$5.88
SXK38X419Y	$9.01
LYL19Y6MYO	$7.74
AS38KD7OPL	$2.04
M0S13S29PL	$5.28
BIWD3V7I7Z	$4.61
JMBRLC2PK1	$3.76
QQXWD90945	$3.26
P0MX9XZTOS	$6.94
LM78A7LV4S	$0.61
0X83ZCT0ZC	$3.70
B4V9J3GEM4	$5.66
NT5J3E59W4	$4.93
SG829C4G3T	$6.43
SJ9XUZSVCK	$2.33
YLDMMUPFL5	$6.70
3EAKSR4BBT	$4.23
GAVUAO66FL	$7.95
96S77SQP1Z	$3.75
I67KVAVDQL	$2.70
8JJL6Q7SZI	$0.72
FB6ZEX0HE5	$2.38
7JG8VJL8A4	$0.60
C7TVHIK184	$5.87
BPHAMFWX66	$7.43
BW2QUKLM7G	$6.11
JJT13VQ99K	$0.67
YV2A1EQRSZ	$5.25
839UPXJSEZ	$0.20
1KNWTN9TBW	$7.68
TQROG0OOW0	$2.62
6XLEX6ZL4Q	$7.48
2XFBZZXEOL	$9.54
9Q3JQ7X1SP	$7.38
49SFU41FUT	$7.62
N5DF7Z8F8B	$1.72
4V1L0488G4	$2.51
2124JLVKS7	$1.47
9U14BK61KK	$0.21
EF2JLJGFKN	$0.37
3DUAS1Z3AO	$3.99
EAJ88CN3X3	$2.82
VK1BE24B30	$8.90
JCSMV5P5WS	$6.79
2M4OOCRL80	$4.96
14W6XG5X9B	$1.33
1BJW1DZGZC	$8.31
W40XXJ4UUV	$9.51
4WFQ9QGDFV	$0.77
X1FRN45146	$7.17
F9OKJENE68	$6.37
HMPS1R8NB2	$9.67
RK3ANGQYOE	$2.07
3YYG7KLEU4	$7.77
SR1R4HP9M0	$6.91
L1MJ7T23N6	$4.24
CYEPBOGSHJ	$4.07
GGE41BE4U8	$7.64
8B8CNVOIY8	$8.41
YX4DUYK7BX	$1.72
WJ14KCFNJU	$1.26
4R6WD7TGSO	$6.79
RVAJ1HACDY	$6.48
DD5ZNVIW9F	$6.54
QL6YQWCL5N	$9.31
V8C82C7EWZ	$1.58
1ENQBLXK46	$4.08
SUQ9L1JQX3	$0.11
HV4RKQQS7Y	$4.99
V0X51F21PD	$3.02
YOIQIZKOKD	$2.12
JNB7O0QKLG	$8.64
DZNEW3LW9U	$1.42
C6K7ONFMZ7	$3.65
QX4YASZGF5	$2.90
XRLD6DA691	$4.48
UL5K0Y51RA	$2.62
F65HGTOIH3	$2.05
TF55V721RJ	$5.40
B6FSIREATW	$6.00
1T017BPHG5	$9.52
RRBYQIH1TS	$1.70
N8X5U23VQO	$8.61
C5RYHJAFEU	$5.05
E0KHTIZXS4	$5.66
OO7LZM7TNJ	$0.70
H3MUNJ97CJ	$5.65
3P3WKM71X9	$9.09
HUJ6KLXT3Z	$1.96
IHFIB80UVU	$6.96
3CIDKQWMGS	$1.19
13F3DMKF7L	$3.91
PS8LHW5EVF	$5.02
18ITUACPTM	$6.29
UISOGNURRJ	$9.39
CIMO3PKHWC	$7.66
B5O3HO1V3N	$9.75
8R5TYZFOCV	$3.42
4FMSD66472	$8.49
H3SPP9CDMB	$8.86
U91E1KX68F	$7.90
VC48Q8CTVD	$5.11
ON8HTBB0YD	$2.96
9VHAUI3X6U	$3.24
EDM9O2KU8X	$6.50
KW60HWMM3V	$2.27
Y2TDVKZHWR	$1.76
O8I1SE26SK	$0.39
KNO0A66FVK	$8.18
BLBXPPNVCU	$5.35
A9LMHBRVMI	$2.20
Y9YBP9NMFK	$7.07
HIWTKU5CBM	$5.07
7CKMKQQNXZ	$6.93
84PETVFJGA	$6.62
T5AR0YHJ61	$9.97
NG6FXZ59F6	$7.46
61EBBLN1DD	$9.59
0D6D8B8LQU	$9.13
UFH35AISG6	$5.78
O0QCGS64E8	$3.41
6WELKUI4OC	$4.56
QWPJZZAOXH	$0.38
VPNBNZWP4M	$0.04
WHFK9XVW6J	$4.08
0FHDO3H8PR	$6.07
KK7VZ3S4EN	$6.44
YZ963TJZLO	$0.73
JWO259F1IX	$0.90
428NXSEGZD	$8.05
B8JYDDL3ZH	$0.54
BHYQRHIA30	$3.85
8EFQ1H2I6W	$7.16
O4F5HVSP99	$1.74
YZIXG4NJUW	$8.04
UX93K49H8T	$5.06
6K4VOGWPO8	$9.10
FDX91BWMMA	$4.47
WPLI7MNA79	$2.91
ROPREGNGM0	$9.36
ENZNIBZF3L	$3.98
VXKB0O3K7Q	$0.08
AD51M4LCXI	$8.93
BPNTY9613L	$0.93
0S4QU1J9X0	$2.97
HYPJKUDMD2	$1.41
UGYTV66X3A	$1.83
EJNC0H6L4W	$6.34
B3YYZS7REM	$1.12
KOHHHQF6FY	$3.15
ZG1Z4RYY0Z	$4.59
8W9AN7HTPG	$0.57
W0ZSR65JYV	$8.36
JO34XB3J5D	$8.96
NQKVCQVJQQ	$8.66
LJ8WVYWZV4	$5.92
GPUET6Y2MM	$7.70
R8ZOTV9V0Y	$6.23
YT7UAMUXWF	$9.70
NHSRXAEWI3	$3.41
GK5D9JLDN5	$6.24
7JDHK7J31G	$3.34
NS4PF46N8U	$8.10
RXZVRB59Q6	$8.30
8G3OXRKUBJ	$0.96
K7EREWAAS4	$1.38
O1HKVT68XD	$8.01
IWISBTWPRE	$2.05
XM594HENU7	$9.85
OZL6MKU2I2	$6.90
05WORNOLMS	$4.44
KBI3X9AM42	$3.85
XDVG116UHV	$3.35
459774HW13	$7.17
9MG31G3BAT	$4.56
66GY8LUEOU	$1.52
KWRJELPBMD	$8.32
JZ79SNDSTR	$1.63
6LTZHEXD3H	$1.83
8VN73AHPAD	$5.68
UN8JV90IQZ	$6.42
JIM03FOFI1	$1.93
K3BJL1MJ5N	$0.86
0XWBU28C10	$0.44
GC82AXUD09	$2.32
BO9AASEEIR	$2.98
UAT79DS5PZ	$6.57
JMWXT65D6V	$7.28
QCHIZ932H9	$3.27
UZ21CR485W	$5.20
CEBH80EVTR	$1.37
7TY2O5TWZZ	$1.51
UA1TDBB5UP	$4.23
EBWKDZYLG4	$1.08
QVQY77W3XP	$4.55
FRL5FO7T8Z	$0.49
M8DGB3QBSC	$6.81
IHAD1RHJPT	$9.56
T217ZQYDH1	$7.41
EBCJDCQKHW	$2.72
F34HNA6LX6	$5.77
I2AX8V656Z	$4.17
G6TY72ZRU9	$2.52
0PBKNB8HJD	$7.83
B7V39SF09B	$9.65
76XEGWVTFK	$7.13
0AI9UOF60U	$5.35
IK1JK307WL	$6.04
QVER7UDFRV	$5.52
3NAGX0F8NR	$2.99
SQB5QIRNEH	$9.34
XQEE8LFHVS	$9.18
BYYUY8HJ5T	$2.33
WYP4ZDR3UQ	$5.85
1I2J5RSPG4	$4.98
OD4TS08VSU	$3.18
UUL5PZGJZR	$1.32
QTO55WRPXW	$8.80
78CW7CI8B5	$8.64
KFPZF3ALOW	$3.13
1RPBCIMEMI	$3.75
836R2KW4AE	$6.23
A3SFE92NQA	$6.33
LM1L85C3MG	$5.12
6HUE761SQR	$2.46
9JUDEFY1Q0	$3.54
NJI8CEGC29	$4.61
B091S3H9WM	$7.34
9F64V8UCYG	$8.64
YVPG8I4741	$3.50
QC26T9LSMA	$8.69
QC1PBMML64	$6.67
OI3XNL7B0N	$8.85
SYIGST4GWK	$8.73
FB775F91B5	$5.29
2U6YPCX37I	$1.41
7B7IIY8E2K	$6.44
N7ENA2QNX2	$5.18
MX6G262Q6Z	$9.27
7KHJS5FW12	$1.51
WPHC8JVQMJ	$7.93
MFLFHEBDTT	$6.98
7D36P8WHCG	$3.75
1PZUHR3YNH	$8.23
JI8L06OVH7	$2.86
C0RYJHJ6RB	$7.03
U8V1KG01BF	$1.81
GCPGSHY6X8	$5.34
2J71OMWT3F	$6.52
QBL6WNDA2R	$8.02
M8CXMPE2ZF	$8.04
PMBUI12WOZ	$7.25
SKEUXXQ91L	$1.22
HOXZ0SXW8S	$9.68
3Z0QNX48M4	$2.30
VHH0LMP5DY	$3.71
HQLTA2OHJ3	$6.42
OA06MUU3Q1	$4.50
M8SNJ8IKE9	$6.36
CGU9XAXH31	$7.57
PL9NT1Q95Q	$2.17
CKJXUI0DK5	$8.37
LM2D91ZBFC	$0.45
1ZIG4AXABR	$2.93
Y433DLDVEK	$9.31
MBHWL8C8P9	$1.83
F4XRL5Q74U	$0.25
QVCWC4E8WY	$3.98
929KNRT3C2	$2.41
CHJZ7SZKX3	$9.92
B5MFWZ1AOW	$1.12
J068TEW4DI	$6.67
MTA3DUT950	$6.26
4ED0YUSJRB	$4.76
O30D2RZ8TF	$9.55
7MK1FU5AZB	$3.08
FSCOC5QI2K	$4.51
W1GCF2DO9Z	$2.74
JZKHRK5SRS	$8.38
S9ZRBBX2T0	$3.34
WOV8A2C3UD	$6.04
HI2B2HXUFH	$4.93
43VOH5JWDW	$9.39
E03BV3T3XC	$0.20
1I23ZIGJ7Q	$1.13
YDE505QTUS	$3.77
9FTMLTA6BR	$3.47
A51LLKJTZK	$5.69
HRXA5GVDD9	$8.75
RU5NXV39Y3	$4.74
JJOF20S4DV	$7.46
PSOM3JI48J	$5.01
1B1DTIIZRN	$1.44
S7ZVPCAWI4	$8.10
68JFDMKAIU	$5.70
W8L4Z4YFAT	$3.07
EXPHCR28JH	$9.91
6FTAQ9V0NL	$1.61
AQ2BLGFXOZ	$2.25
QJ01Y3W7ZC	$7.77
TL50N5AO8O	$4.81
LC19P8Q8D8	$0.70
NAZV3GGI38	$5.88
OD2N3CWFF9	$9.37
H9B51PHQTB	$5.91
Y2W6M1R222	$8.32
5WQODVKVTQ	$7.89
HKAPOGPDJX	$9.00
NA2Y0WGCU3	$7.94
Z8CIRKZNB5	$7.26
GKJJY6NWED	$1.71
5W62SJ71PF	$6.23
M8L8OU2HW9	$4.32
VWARZKTIPB	$4.69
SEE6KK0XRQ	$1.53
1VFHQVZT06	$9.24
5K5003BKTK	$7.50
EBLR2K51ST	$0.51
ZI2ZBXX6TG	$0.59
9I0RAY41AF	$5.27
QPQIV6WV5X	$1.02
6DANEVAO1M	$9.89
NSSWV1PMSD	$0.13
7GQ0L7LSRY	$1.36
S0QEAUWGFA	$2.83
IY62CHTX3A	$0.58
O433SZD8SS	$7.25
EIP007325C	$6.87
NGMNMSRFNQ	$2.62
3G1144M7HE	$3.14
IJWU8LSKXQ	$9.56
OAEYM5AQ5F	$5.50
OXS6IQLVDT	$5.23
DVRQR98M8O	$5.55
GEH1SO4OVG	$4.44
WXCSY1P0DJ	$8.47
MGFD2AF9BG	$7.12
AHCGY7QR61	$8.55
KJI914XRHA	$2.24
1LGKG3BOMT	$6.78
BH844BLO8O	$7.19
H29HWPW7MQ	$5.65
WMATB40EEF	$4.12
FW85OVAGGJ	$4.23
W7Q3VO6APR	$2.77
O937Z22THS	$2.49
80ESGMS1TN	$1.98
80TWI01D9N	$2.22
X82A6W0O1A	$5.68
OG3NUJKE8B	$4.51
CBL7NXGZ1B	$3.59
TBG1ZIF1LC	$9.53
W75BEEIFSM	$3.36
DM412MJ9UU	$1.93
R3JKJGMF5L	$8.85
1UOC3BAPDU	$9.79
AOYTMG45Q0	$0.71
UBO9HXPW7C	$6.84
1AGDH4I39I	$9.19
Q1MWPUMQ0P	$5.72
OZ13JY5JLT	$4.44
AR3QR9O9UZ	$9.09
M4XHY2X43T	$5.36
KINHFXMVNC	$1.05
K97MTBTUUN	$2.03
KHL3QS84IL	$6.67
EXO0Z4945D	$0.80
VQWP340K0M	$3.97
S0Y77YRQ46	$9.74
CYPHMIP2LL	$5.21
4XZFIU7BXG	$8.07
BV3OVNBX7N	$5.05
X9KTR55SEQ	$9.13
1O4EQ1VDCR	$3.76
K57V64TURF	$8.04
Y7753TJQGW	$6.06
AME45SYTUJ	$0.02
BUH5MG1CCL	$5.25
THWNXMLS29	$5.53
DA854LGL19	$4.41
92ACVL6VI7	$9.89
KX4L1NZ6M7	$7.44
Q6NWWRWUBT	$4.46
9O5O0WP0JK	$3.55
I8UAMVJF6V	$1.16
29NGR9P7Z1	$3.38
E1Y7Y6VP5E	$3.57
C08J6HSAHS	$9.94
2Q35F30ZPJ	$4.42
2107S2JGSN	$2.72
LF6X2B1LLR	$6.47
XFO99V1HQC	$6.39
ZWHXKFR657	$0.30
KGURIK1C6U	$4.76
EFE2X91K13	$3.83
XSZUGMC3FZ	$7.87
6M7MCB2W1Y	$3.01
L3VYSVVOU4	$8.05
QVW1245OJX	$8.63
X56KNYKRWJ	$2.07
GDMHLPDL3D	$7.63
U7TDXU10YG	$3.96
ESXBPPZIHO	$0.48
9V0N4GTJZZ	$5.74
2NVZW9TRYH	$2.13
T8I8HVH11T	$5.00
GRE3EVDJG5	$5.58
GMZLBA9KNW	$5.33
3MC7XRBYWE	$2.12
DSYOLPD4TZ	$7.05
OYYO85496N	$9.03
5EAGMRT0OS	$0.24
8H3INMUNE1	$5.11
G1SKZ2DNZM	$3.28
349WAO2N7K	$5.87
AOBMA8BQGS	$2.73
3ZC9I4LVY9	$7.10
4FY1AO2D0B	$4.98
X212JUIANW	$0.58
MUJ8LBGTXT	$3.05
JFO0L8O9WU	$7.55
YZSQ7ZXIZ7	$9.44
JFX0404HJM	$7.52
HOH2IZCF13	$5.79
0SBCXHJFMX	$1.40
D1FU8HOU7H	$0.39
844EIGMWA2	$6.91
1O9PVQG1JA	$8.09
BB05ZBIJVH	$2.78
E5CM3AWXFO	$4.35
FWIK0GDFK5	$7.51
04C2POQRAT	$3.87
WSEOFW8FYR	$5.30
O80XRK8VO6	$8.53
JR98YMDJV9	$1.30
SRCFU3YF8X	$8.60
WQHTSJHRSJ	$9.12
GTLO3G6EW5	$6.28
R1G5LBS0TT	$7.70
26BL1745RE	$8.19
L6I63QN5P0	$9.60
LTZSCBXV9L	$1.58
3ALRO8I0V7	$7.62
OBJQFSXRKH	$2.85
JNVL6IR0JD	$6.92
3GZ0CRSMGY	$1.66
ZYMW1F9MXG	$3.01
BOUKQNPGN0	$2.29
3FWBBI2BRJ	$4.31
DOGZHRRCCI	$0.60
48UUAI9K3L	$3.68
1ACB627WLS	$9.19
443D5G8JFU	$0.35
320G4WBXTO	$9.34
01ZCKEOES9	$0.26
11LKADFCXU	$5.28
2TESM8PT2G	$2.62
N0J1WGSDI5	$5.73
SGTR53M259	$3.55
EKPVVNY908	$4.68
S22WA7OOIY	$2.43
ROBVL1GY4H	$9.98
XK0HPQ9FG0	$6.31
3FN4V44DBK	$5.64
KWZCAI5SEJ	$4.77
BTVS4KUUNH	$6.60
KBZSEJJC08	$6.20
Z3USKQIOMK	$1.13
QLE5Q6ILAC	$0.87
ZNSY6V224Q	$4.47
PJ8BPS3E8A	$2.80
312L11D1J5	$5.09
T1ZLX8IY58	$4.61
9FQIES5HTC	$3.85
DNG177VZD4	$1.65
FFD9C3J4C5	$5.03
6S9DQ3NSOB	$8.40
AGGR2J7OTI	$8.21
CZ6UJPYVGJ	$4.88
XNRSYX91WP	$6.56
A51O1LDU5N	$5.29
4VQNYWAJA3	$6.53
AYEF419AT2	$5.64
HJY8J4Z96T	$4.02
B7VTN4DBRN	$3.66
3KFBECK26L	$2.69
NWML7WJJ18	$9.09
KOBOZJZW8V	$5.09
787F6KPAM9	$8.82
PW211W4NCD	$6.39
I0LVLAIILX	$2.94
E3WSOF6L3K	$0.70
R6SCTCKFQL	$2.07
1SIYK2SN51	$9.36
5E9LJSD93A	$4.75
Z638EEIU02	$4.52
K4UKG1AENA	$2.38
ACZZYJWPRB	$0.52
ERVB5GLPCG	$9.18
T02PF1KPS9	$8.56
0TJSNMMVAO	$9.66
RJAYX235MQ	$1.34
36MN1WH1YN	$5.57
MEBFIKYX6P	$4.34
TVHS5EK02A	$9.38
7PFIHVWBKL	$1.18
XKL6R6Y6GR	$3.15
BC5SN3A9DC	$9.25
YQFPJQRWRV	$6.74
J3FNNXAMZ9	$7.47
HBG6VJVE7T	$7.62
A33UDWIWJU	$7.70
WH78LVUFXN	$6.26
ELV5MSMAKC	$1.14
VU88WQ9073	$2.76
ZXG8G9RGTZ	$7.72
97CX2DMR90	$7.57
S9TJWLZYVB	$1.71
Q0R1UCQABP	$9.93
A6KAOXTE4C	$9.96
UMZMHPUGBU	$8.54
HQD1NNPHC4	$1.33
8D26KVFCY3	$1.08
NJFS4NEKFF	$7.63
XFCB31PESR	$8.53
8D8C1UV7KP	$7.85
ZLEO2Z2JLC	$3.92
R1D09WPMPG	$5.84
LN4HXM74UP	$7.74
74U202UJGG	$4.29
R2P3KU0CLE	$7.38
O2MM91BLOS	$7.36
7658YPRD8A	$5.03
S1C6GBOHEK	$4.50
QGWOMJA4WA	$1.84
8Z4K7L626I	$6.36
UU9FOVHL0X	$3.57
1XNHSY8ZII	$1.95
G3IWWQRL84	$2.40
ND5MI8YCVU	$9.43
B9KA1962W7	$8.02
UFQYRLIAZY	$4.53
KIZFYBV5E0	$0.74
9N12PUF676	$4.68
XQVF64IFIQ	$7.27
3PE9461LJ4	$5.85
0F8170U43N	$1.58
2B8Q3TJDYW	$9.59
4MTMEMQVMZ	$5.84
55Y23Y2RPJ	$6.01
NH8366UGZY	$5.44
AJNSPTR6RQ	$2.69
Q9Y8GYBM4Q	$7.17
5OCBUQET09	$7.09
2NA20OQ7M6	$2.03
RNB2MAC5W6	$7.70
ERE42D8BPN	$8.77
1FXMP5O2OC	$5.14
EGRRN4WWX9	$4.66
AFD240NZZ3	$7.79
YS16F7GB16	$6.78
L2JUX0LL18	$9.57
IWBZQO0H22	$7.59
6HJ8MQEGNN	$1.45
SOIXTRN9KO	$5.39
CUTWT4MT29	$2.36
MJ5NLJFXM1	$7.18
KW3NQY0HQY	$4.94
L0CIYXRPDB	$3.30
OFSTJXKUJR	$7.26
KD8IR3LMY8	$5.86
YBUQQEZH22	$4.04
GWDOHQAZKA	$4.85
LJZZO4C4B4	$4.73
8YWHQGDRQA	$2.56
DVHPUFPJEA	$1.23
E2DLXTQYZM	$6.22
P9ANJTYRS6	$1.31
5WNIZ3NCYP	$3.11
VQTD2B4CHD	$1.31
HUCP30678Q	$8.97
PHXLBS6V95	$7.88
V9OH5VMQK2	$0.20
VZJDJZEELM	$8.94
7E3HZO5ELL	$3.96
TLG82TKBEC	$7.77
WM9WQLMDLH	$0.96
KJWQJTPZQ8	$3.92
YM3SBXHS9V	$7.81
Y9LG9L9GJB	$8.87
ETVABGNTWG	$0.43
1B609JAZKS	$2.84
MPWD496270	$6.60
ZNMOQLXQ5C	$5.88
O52321HCE6	$5.68
0J52N146C9	$4.30
G6JOYPB96R	$5.34
8LQUH2SBMH	$3.48
R77Y90OOV1	$0.20
ZP7AFPVTCR	$3.28
CC7UQE0ALB	$8.67
RMYEFQY263	$3.31
FULZ5U0DVP	$0.62
0O0R85L6MC	$7.73
6J8MIOSR5I	$1.74
HBSP5G0BG6	$7.72
SBEK4RHH8N	$3.33
C239UJ7LM1	$8.40
PTPRSS5N24	$1.95
AZIOPO17P8	$8.78
EZLNJHNZG3	$3.82
2I278X7ULM	$0.63
Y2CVJ7PQAE	$6.01
YMSS1ZYRTE	$9.02
6T7JAWZUX4	$6.97
KYI2NSCSRH	$1.11
7B4RIJ77D6	$3.51
HKVR2PP2W9	$2.29
23NE60L7VZ	$7.74
5VRT21CVHP	$2.99
EW4L9P1IEE	$6.78
5JVKZMJUEV	$2.71
ZJG1Y19ELB	$2.23
BW9FGZ4F19	$6.55
DCMF31ADXJ	$5.50
R4H4OMMBR4	$1.64
IV2UURZ7SM	$0.26
DUSIY2AZAG	$2.20
64CCK13SJW	$9.41
X5KC6MSVE1	$7.07
HV6GP3R7Y0	$0.35
WSWZREUYL3	$1.28
2G8DB0LVEP	$2.23
HW0Y0EV79N	$7.86
DQ6013J755	$6.74
5F6CRKWCFF	$0.21
3TP9RT4OAW	$6.74
N9RGFOKKV7	$4.52
S4IZDV6PCS	$7.85
O6RUNUSUCR	$9.64
O0LL4M62C3	$1.69
YPPFMIZ3FY	$1.47
EB1A6EXT9T	$4.19
C8UCF5YJ9C	$5.79
H76WSE5IR3	$1.69
KT01U7XVI2	$4.55
BX48WD8GSX	$6.14
YU90XHVR69	$9.36
SXDX8G2FMM	$9.73
TRORDXFM26	$2.35
2V6V2LDQGR	$7.93
HWQJJCG1N8	$3.38
4IK3FPWPSO	$7.74
1QQAVK1GDA	$2.97
XZ9USBL47K	$7.35
VPV7O7GD9N	$5.58
NZ1V5QQM40	$1.23
ID3S6CIZRQ	$7.45
EPR1PD72ZD	$0.05
WOZUI5EJMJ	$9.02
99HY8C7R9X	$5.93
Y28CNS88SA	$9.83
DI4LTYC7BX	$8.84
WY1BWEPBI1	$7.50
H8HTCHYX4L	$1.95
2VBR8A1I3S	$6.15
R1264LRODD	$4.97
RQINA93O3B	$8.04
FAYX63NUZ6	$9.21
10621Y4PWD	$5.31
XNMHLED4IQ	$9.66
D0WFCQG9HX	$5.56
2QCDOCGT40	$2.54
MRPMSDRSNO	$5.54
TOQRMDDNXK	$8.04
AS2GW0YXV6	$8.15
893QEDTKFJ	$2.17
TICUALAGQA	$9.74
OAFHBO2VW7	$0.40
RGGUGIKECF	$4.44
J5QNLE1E0H	$6.99
LK8YNWZ8T7	$5.42
Y3EGAAJGMR	$7.07
SA6K333XWJ	$2.79
5FYNIL1L3T	$0.18
Z7WUVEDTHT	$3.14
Z7LOWSHLAS	$8.27
AI366PQG49	$6.27
7RBGMF75SF	$8.38
CXCICQQOMB	$6.74
1822V8SB8M	$8.20
87LM3LP6PS	$4.26
XMCZTPZOKU	$9.93
SMVKNG76PD	$3.12
FS7KBY80Y8	$8.00
Y754FYINME	$0.12
FDL397PAEF	$0.06
ONPI8KWSEF	$7.30
5XNK2ZCIK4	$1.26
QDCS6D561Y	$9.78
37P0D77TNV	$1.38
GFSURYZ4YC	$7.16
J8EF9XP87N	$6.52
6J4QVDWRST	$3.77
2LMVXI5XT9	$9.10
XIHYA4XYXJ	$9.14
96HDPUH30E	$2.48
71JQH03O8D	$1.40
GKRPOSGDDW	$3.63
1Y21L7ICHF	$2.00
3XIODQMNQD	$7.76
F2SC81KBL8	$2.52
DV81ERFNIT	$6.32
3KSTQKFA3Y	$5.62
9ZGMWHANNQ	$0.52
8VY9DVHEKE	$6.40
8F4NQM5KRT	$0.87
F71DWBEEV6	$1.34
DXWYMUF4TD	$6.27
QO4YY497YI	$0.18
C520I4HQ98	$1.41
EPL7P6TMNV	$3.73
7JKP29J63G	$4.87
VME6WOPZNC	$1.37
7HH34ZTVVW	$1.15
GR576CP0YS	$6.26
88GKJJQV1K	$7.48
6XDHB78PPL	$6.69
KURB18UHGL	$6.41
IYKXE5WTRU	$6.71
515ER0MAKT	$8.46
T0X76PMOIL	$8.12
4QP7BM1LK5	$5.88
W2MJ8HLGX9	$2.17
FIYLQ9H2GF	$7.22
U56HE23KCW	$3.18
2SJ7LLO1X0	$5.29
V7FVBFFYN1	$7.10
4CT3ZBID47	$7.87
CHDOK6G27F	$3.40
P4KZK37A8C	$2.05
GQGGKZ6DHD	$6.56
B5AJ0JVNA0	$8.75
YONHPJVYOQ	$5.35
1R25BK4OGF	$3.93
35GJQ5OHO4	$7.84
OASFSD4L5N	$7.28
O5K1JBRBVD	$6.22
6MRJ01NLDO	$8.17
ILLTAVP9PU	$1.81
B264ZTBZIC	$8.74
C6G3N6MXCA	$2.72
6QEGELNDYG	$5.89
LFE9TZZ74P	$8.47
HQPK3G9TDJ	$6.01
FOOH1KFU5T	$8.66
FCNCDSK5X2	$8.11
QKI8JHGHOZ	$3.71
3ZR53HJ1IV	$2.10
RVETXXJLEP	$2.42
AKCJK1JFRQ	$5.81
EZ9EAODA35	$6.44
MJFNVFANQO	$5.85
IWA4ESPYDB	$3.40
ORH6Q7JJCF	$0.46
P7T3I6FSKZ	$2.18
11DNZ8C6LN	$7.43
J3Y2JELMPD	$9.02
FT7F9WP6A6	$1.25
2TYHQ72XMS	$8.97
ZVOEG1GP38	$2.80
HGU1RIOPZ2	$7.22
VWXEW5KI0S	$1.49
0HYLQNENG1	$1.83
GH770NVKWE	$8.17
FYUPVM9RNP	$4.91
4FIF66Z7VX	$9.68
N84QPW5A29	$5.76
2CNC4B47L5	$7.63
1UUAA3QQJ2	$0.83
ZJ2IQEUJVQ	$2.04
6UUS4KEJM8	$0.77
SCBN8IT1ZY	$4.91
5PBDFMXO4C	$4.65
A88C9UNBKM	$9.42
Z1YBE4C9QR	$3.85
T353552J8X	$9.07
7608CORKJ5	$5.02
NLLDCTU4YN	$5.73
24T3G3EIHG	$7.87
1H722HT1CO	$4.96
FCM4Z2CE61	$7.60
JF9W33AILT	$9.47
8V9F8Z65I9	$8.69
LW26NTVOMX	$5.13
1TLU7J3GZU	$2.06
Z0O5E8EVY4	$1.48
47KBZMCEC8	$1.93
P9CUXN1ET7	$2.14
NT3ZH5JU1O	$7.09
50WORP900Q	$4.45
CGLMRLZ8W7	$2.13
F28XBT83T0	$3.07
71334N0SUT	$9.79
8VXFVB28JY	$4.39